-- phpMyAdmin SQL Dump
-- version 4.9.5
-- https://www.phpmyadmin.net/
--
-- Host: localhost:3306
-- Generation Time: Aug 05, 2020 at 07:04 AM
-- Server version: 5.7.31
-- PHP Version: 7.3.6

SET SQL_MODE = "NO_AUTO_VALUE_ON_ZERO";
SET AUTOCOMMIT = 0;
START TRANSACTION;
SET time_zone = "+00:00";


/*!40101 SET @OLD_CHARACTER_SET_CLIENT=@@CHARACTER_SET_CLIENT */;
/*!40101 SET @OLD_CHARACTER_SET_RESULTS=@@CHARACTER_SET_RESULTS */;
/*!40101 SET @OLD_COLLATION_CONNECTION=@@COLLATION_CONNECTION */;
/*!40101 SET NAMES utf8mb4 */;

--
-- Database: `eurobake_db`
--

-- --------------------------------------------------------

--
-- Table structure for table `assets_checklist`
--

CREATE TABLE `assets_checklist` (
  `asset_id` int(11) NOT NULL,
  `asset_name` varchar(255) NOT NULL,
  `quantity` int(11) NOT NULL,
  `department` int(11) NOT NULL,
  `serial_num` varchar(255) NOT NULL,
  `supplier_id` int(11) NOT NULL,
  `supplier_name` varchar(255) NOT NULL,
  `price` varchar(255) NOT NULL,
  `date_acquired` varchar(255) NOT NULL,
  `assigned_branch` varchar(255) NOT NULL,
  `added_by` int(11) NOT NULL COMMENT '1-admin 2-manager',
  `status` int(11) NOT NULL COMMENT '1-Active 2-Deleted'
) ENGINE=InnoDB DEFAULT CHARSET=latin1;

--
-- Dumping data for table `assets_checklist`
--

INSERT INTO `assets_checklist` (`asset_id`, `asset_name`, `quantity`, `department`, `serial_num`, `supplier_id`, `supplier_name`, `price`, `date_acquired`, `assigned_branch`, `added_by`, `status`) VALUES
(78, 'TV - Landscape', 1, 1, '-', 0, '-', '0', '2020-03-16', '1,2,3,4,5,6', 1, 1),
(79, 'Coffee Machine- Rancillo', 1, 1, '-', 0, '-', '0', '2020-03-16', '1,2,3,4,5,6', 1, 1),
(80, 'Blender', 1, 1, '-', 0, '-', '0', '2020-03-16', '1,2,3,4,5,6', 1, 1),
(81, 'Coffee Grinder', 1, 1, '-', 0, '-', '0', '2020-03-16', '1,2,3,4,5,6', 1, 1),
(82, 'Funsize Freezer', 1, 1, '-', 0, '-', '0', '2020-03-16', '1,3,2,4,5,6', 1, 1),
(83, 'Dining Tables', 1, 1, '-', 0, '-', '0', '2020-03-16', '1,2,3,4,5,6', 1, 1),
(84, 'Dining Chairs', 43, 1, '-', 0, '-', '0', '2020-03-16', '2,3,1,4,5,6', 1, 1),
(85, 'Condiments Cabinet', 1, 1, '-', 0, '-', '0', '2020-03-16', '1,2,3,4,5,6', 1, 1),
(86, 'Cake Chiller', 1, 1, '-', 0, '-', '0', '2020-03-16', '1,2,3,4,5,6', 1, 1),
(87, 'Menu on Sintra', 1, 1, '-', 0, '-', '0', '2020-03-16', '1,2,3,4,5,6', 1, 1),
(88, 'Emergency Lights', 1, 1, '-', 0, '-', '0', '2020-03-16', '1,3,2,4,5,6', 1, 1),
(89, 'POS - Bacchus (Café)', 1, 1, '-', 0, '-', '0', '2020-03-16', '1,3,2,5,4,6', 1, 1),
(90, 'Money Detector', 1, 1, '-', 0, '-', '0', '2020-03-16', '1,2,3,4,5,6', 1, 1),
(91, 'Cake Dummy Showcase', 1, 1, '-', 0, '-', '0', '2020-03-16', '1,2,3,4,5,6', 1, 1),
(93, 'Apple - Tab (For Cake orders)', 1, 1, '-', 0, '-', '0', '2020-03-16', '1,2,3,5,4,6', 1, 1),
(94, 'Fujidenzo chiller', 2, 3, '-', 0, '-', '0', '2020-03-16', '1,2,3,4,5,6', 1, 1),
(95, 'Fujidenzo Freezer', 1, 3, '-', 0, '-', '0', '2020-03-16', '1,3,2,4,5,6', 1, 1),
(96, 'Chest Freezer', 1, 3, '-', 0, '-', '0', '2020-03-16', '1,2,4,3,5,6', 1, 1),
(97, 'Upright freezer', 1, 3, '-', 0, '-', '0', '2020-03-16', '2,1,3,4,5,6', 1, 1),
(98, 'Gas Range burner', 1, 3, '-', 0, '-', '0', '2020-03-16', '1,2,3,4,5,6', 1, 1),
(99, 'Microwave oven', 2, 3, '-', 0, '-', '0', '2020-03-16', '1,2,3,4,5,6', 1, 1),
(100, 'Rice cooker', 1, 3, '-', 0, '-', '0', '2020-03-16', '1,2,3,4,5,6', 1, 1),
(101, 'Fire Extinguisher', 1, 3, '-', 0, '-', '0', '2020-03-16', '1,2,3,4,5,6', 1, 1),
(102, 'Oven Toaster', 1, 3, '-', 0, '-', '0', '2020-03-16', '1,2,3,4,5,6', 1, 1),
(103, 'Fryer- single', 1, 3, '-', 0, '-', '0', '2020-03-16', '1,2,3,4,5,6', 1, 1),
(104, 'Panini Griller', 1, 3, '-', 0, '-', '0', '2020-03-16', '1,2,3,4,5,6', 1, 1),
(105, 'Blender', 1, 3, '-', 0, '-', '0', '2020-03-16', '1,2,3,4,5,6', 1, 1),
(106, 'Emergency Lights', 1, 3, '-', 0, '-', '0', '2020-03-16', '1,2,4,3,5,6', 1, 1),
(107, 'Kitchen Burner', 1, 3, '-', 0, '-', '0', '2020-03-16', '1,2,3,4,5,6', 1, 1),
(108, 'Freezer/ Ref whirlpool ', 1, 3, '-', 0, '-', '0', '2020-03-16', '1,2,3,4,5,6', 1, 1),
(109, 'ElectricFan ', 1, 3, '-', 0, '-', '0', '2020-03-16', '1,2,3,4,5,6', 1, 1),
(110, 'Ice Crusher', 1, 3, '-', 0, '-', '0', '2020-03-16', '1,2,3,4,5,6', 1, 1),
(111, 'Weighing Scale: Digital', 1, 3, '-', 0, '-', '0', '2020-03-16', '1,2,3,4,5,6', 1, 1),
(112, 'Deep Fryer ', 1, 3, '-', 0, '-', '0', '2020-03-16', '1,2,3,4,5,6', 1, 1),
(113, 'Vault for Expansion', 1, 4, '-', 0, '-', '0', '2020-03-16', '1,2,3,4,5,6', 1, 1),
(114, 'Vault for Euro', 1, 4, '-', 0, '-', '0', '2020-03-16', '1,2,3,4,5,6', 1, 1),
(115, 'Fire Extinguisher-Red', 1, 4, '-', 0, '-', '0', '2020-03-16', '1,2,3,4,5,6', 1, 1),
(116, 'Computers -', 2, 4, '-', 0, '-', '0', '2020-03-16', '1,2,3,4,5,6', 1, 1),
(117, 'Scanner', 1, 4, '-', 0, '-', '0', '2020-03-16', '1,2,4,3,5,6', 1, 1),
(118, 'Telephone', 2, 4, '-', 0, '-', '0', '2020-03-16', '1,2,3,4,5,6', 1, 1),
(119, 'CCTV- Monitor', 1, 4, '-', 0, '-', '0', '2020-03-16', '1,2,3,4,5,6', 1, 1),
(120, 'Biometric', 1, 4, '-', 0, '-', '0', '2020-03-16', '1,2,3,4,5,6', 1, 1),
(121, 'Printer (1-Euro/1-Expansion)', 2, 4, '-', 0, '-', '0', '2020-03-16', '1,2,3,4,5,6', 1, 1),
(122, 'AVR', 2, 4, '-', 0, '-', '0', '2020-03-16', '1,2,3,4,5,6', 1, 1),
(123, 'Router -', 1, 4, '-', 0, '-', '0', '2020-03-16', '1,2,3,4,5,6', 1, 1),
(124, 'Emergency Lights', 1, 4, '-', 0, '-', '0', '2020-03-16', '1,2,3,4,5,6', 1, 1),
(125, 'Shelves (For Plantsa)', 2, 5, '-', 0, '-', '0', '2020-03-16', '1,2,3,4,5,6', 1, 1),
(126, 'Plantsa large', 69, 5, '-', 0, '-', '0', '2020-03-16', '1,2,3,4,5,6', 1, 1),
(127, 'Plantsa small ', 71, 5, '-', 0, '-', '0', '2020-03-16', '1,2,4,3,5,6', 1, 1),
(128, 'French bread plantsa', 16, 5, '-', 0, '-', '0', '2020-03-16', '1,2,3,4,5,6', 1, 1),
(129, 'Banana muffins molder', 31, 5, '-', 0, '-', '0', '2020-03-16', '1,2,3,4,5,6', 1, 1),
(130, 'Loaves molder - Medium', 24, 5, '-', 0, '-', '0', '2020-03-16', '1,2,4,3,5,6', 1, 1),
(131, 'Loaves molder - Large', 19, 5, '-', 0, '-', '0', '2020-03-16', '1,2,3,4,5,6', 1, 1),
(132, 'Loaves molder -Jumbo', 13, 5, '-', 0, '-', '0', '2020-03-16', '1,2,3,4,5,6', 1, 1),
(133, 'Burger buns small Plantsa', 2, 5, '-', 0, '-', '0', '2020-03-16', '1,2,3,4,5,6', 1, 1),
(134, 'Oven -Rack Oven', 1, 5, '-', 0, '-', '0', '2020-03-16', '1,2,3,4,5,6', 1, 1),
(135, 'Proofer', 1, 5, '-', 0, '-', '0', '2020-03-16', '1,2,3,4,5,6', 1, 1),
(136, 'Bread Roller', 1, 5, '-', 0, '-', '0', '2020-03-16', '1,2,4,3,5,6', 1, 1),
(137, 'Mixer - Big', 2, 5, '-', 0, '-', '0', '2020-03-16', '1,2,3,4,5,6', 1, 1),
(138, 'Oven - Small', 1, 5, '-', 0, '-', '0', '2020-03-16', '1,2,3,4,5,6', 1, 1),
(139, 'Mixer - Tenzo', 2, 5, '-', 0, '-', '0', '2020-03-16', '1,2,3,4,5,6', 1, 1),
(140, 'Weighing scale big: Manula', 1, 5, '-', 0, '-', '0', '2020-03-16', '1,2,4,3,5,6', 1, 1),
(141, 'Weighing scale small: manual', 1, 5, '-', 0, '-', '0', '2020-03-16', '1,2,3,4,5,6', 1, 1),
(142, 'Weighing scale small: Digilal', 2, 5, '-', 0, '-', '0', '2020-03-16', '1,2,3,5,4,6', 1, 1),
(143, 'Upright Freezer: Double door', 1, 5, '-', 0, '-', '0', '2020-03-16', '1,2,3,4,5,6', 1, 1),
(144, 'Fire Extinguisher', 1, 5, '-', 0, '-', '0', '2020-03-16', '1,2,3,4,5,6', 1, 1),
(145, 'Bread crusher', 1, 5, '-', 0, '-', '0', '2020-03-16', '1,2,3,4,5,6', 1, 1),
(146, 'Airbrush', 1, 5, '-', 0, '-', '0', '2020-03-16', '1,3,2,4,5,6', 1, 1),
(147, 'Exhaust Fan', 1, 5, '-', 0, '-', '0', '2020-03-16', '1,2,3,4,5,6', 1, 1),
(148, 'Blower', 1, 5, '-', 0, '-', '0', '2020-03-16', '1,2,3,4,5,6', 1, 1),
(149, 'AVR', 1, 5, '-', 0, '-', '0', '2020-03-16', '1,2,3,4,5,6', 1, 1),
(150, 'Cake Mixer', 1, 5, '-', 0, '-', '0', '2020-03-16', '1,2,3,4,5,6', 1, 1),
(151, 'Emergency Lights', 2, 5, '-', 0, '-', '0', '2020-03-16', '1,2,3,4,5,6', 1, 1),
(152, 'Working table', 2, 5, '-', 0, '-', '0', '2020-03-16', '1,2,3,4,5,6', 1, 1),
(153, 'Small working atable', 2, 5, '-', 0, '-', '0', '2020-03-16', '1,2,3,4,5,6', 1, 1),
(154, 'Medium working table', 1, 5, '-', 0, '-', '0', '2020-03-16', '1,2,3,4,5,6', 1, 1),
(155, 'Folding Table', 1, 6, '-', 0, '-', '0', '2020-03-16', '1,2,3,4,5,6', 1, 1),
(156, 'POS - TS Ceres  (B1)', 1, 6, '-', 0, '-', '0', '2020-03-16', '2,1,3,4,5,6', 1, 1),
(157, 'POS - TS Ceres  (B2)', 1, 6, '-', 0, '-', '0', '2020-03-16', '1,2,3,4,5,6', 1, 1),
(158, 'Bread mat (basket)', 34, 6, '-', 0, '-', '0', '2020-03-16', '1,2,3,4,5,6', 1, 1),
(159, 'Bread mat (customer use)', 60, 6, '-', 0, '-', '0', '2020-03-16', '1,2,3,4,5,6', 1, 1),
(160, 'Deep fryer (Crepe)', 1, 6, '-', 0, '-', '0', '2020-03-16', '1,2,3,4,5,6', 1, 1),
(161, 'Fire Extinguisher', 1, 6, '-', 0, '-', '0', '2020-03-16', '1,2,3,4,5,6', 1, 1),
(162, 'Price Tags', 148, 6, '-', 0, '-', '0', '2020-03-16', '1,2,3,4,5,6', 1, 1),
(163, 'Placemats', 1, 6, '-', 0, '-', '0', '2020-03-16', '1,2,4,3,5,6', 1, 1),
(164, 'Price tag holder', 49, 6, '-', 0, '-', '0', '2020-03-16', '1,2,3,4,5,6', 1, 1),
(165, 'Tongs', 42, 6, '-', 0, '-', '0', '2020-03-16', '1,2,3,4,5,6', 1, 1),
(166, 'Tongs Cabinet', 1, 6, '-', 0, '-', '0', '2020-03-16', '1,2,3,4,5,6', 1, 1),
(167, 'Trays', 70, 6, '-', 0, '-', '0', '2020-03-16', '1,2,3,4,5,6', 1, 1),
(168, 'TV - 32 inches', 1, 6, '-', 0, '-', '0', '2020-03-16', '1,2,3,4,5,6', 1, 1),
(169, 'Oven - La Germania (Siopao)', 1, 6, '-', 0, '-', '0', '2020-03-16', '1,2,3,5,4,6', 1, 1),
(170, 'Oven - Sinmag', 1, 6, '-', 0, '-', '0', '2020-03-16', '1,2,3,4,5,6', 1, 1),
(171, 'Chiller- Drinks (from Rizal)', 1, 6, '-', 0, '-', '0', '2020-03-16', '1,2,3,4,5,6', 1, 1),
(172, 'Money Detector', 2, 6, '-', 0, '-', '0', '2020-03-16', '1,2,3,4,5,6', 1, 1),
(173, 'Optima Display with Gold trays', 2, 6, '-', 0, '-', '0', '2020-03-16', '1,2,3,4,5,6', 1, 1),
(174, 'Sinmag Oven', 1, 6, '-', 0, '-', '0', '2020-03-16', '1,2,3,4,5,6', 1, 1),
(175, 'Table - Siopao', 2, 6, '-', 0, '-', '0', '2020-03-16', '1,2,3,4,5,6', 1, 1),
(176, 'Aircon - Whisked', 1, 2, '-', 0, '-', '0', '2020-03-16', '1,2,3,4,5,6', 1, 1),
(177, 'Fujiedenzo Freezer', 1, 2, '-', 0, '-', '0', '2020-03-16', '1,2,3,4,5,6', 1, 1),
(178, 'Sanyo Freezer', 1, 2, '-', 0, '-', '0', '2020-03-16', '1,2,3,5,4,6', 1, 1),
(179, 'Working table', 1, 2, '-', 0, '-', '0', '2020-03-16', '1,2,4,3,5,6', 1, 1),
(180, 'Freezer ', 1, 2, '-', 0, '-', '0', '2020-03-16', '1,2,3,4,5,6', 1, 1);

-- --------------------------------------------------------

--
-- Table structure for table `assets_logs`
--

CREATE TABLE `assets_logs` (
  `log_id` int(11) NOT NULL,
  `asset_id` int(11) NOT NULL,
  `branch_id` int(11) NOT NULL,
  `prev_quantity` int(11) NOT NULL,
  `quantity` varchar(255) NOT NULL,
  `actual_quantity` int(11) NOT NULL,
  `price` float NOT NULL DEFAULT '0',
  `status` int(11) NOT NULL COMMENT '1-New 2-For Repair 3-For Transfer 4-For Replacement 5-Fixed 6-Received from other Branch 7-Weekly Checking',
  `discrepancy` int(11) NOT NULL COMMENT '0-none 1-has',
  `date_added` varchar(255) NOT NULL,
  `date_day` varchar(255) DEFAULT NULL,
  `month_week` int(11) DEFAULT NULL,
  `time` varchar(255) NOT NULL,
  `updated_by` int(11) NOT NULL
) ENGINE=InnoDB DEFAULT CHARSET=latin1;

--
-- Dumping data for table `assets_logs`
--

INSERT INTO `assets_logs` (`log_id`, `asset_id`, `branch_id`, `prev_quantity`, `quantity`, `actual_quantity`, `price`, `status`, `discrepancy`, `date_added`, `date_day`, `month_week`, `time`, `updated_by`) VALUES
(212, 78, 1, 0, '1', 1, 0, 1, 0, '2020-03', '16', NULL, '02:58 AM', 1),
(213, 78, 2, 0, '1', 1, 0, 1, 0, '2020-03', '16', NULL, '02:58 AM', 1),
(214, 78, 3, 0, '1', 1, 0, 1, 0, '2020-03', '16', NULL, '02:58 AM', 1),
(215, 78, 4, 0, '1', 1, 0, 1, 0, '2020-03', '16', NULL, '02:58 AM', 1),
(216, 78, 5, 0, '1', 1, 0, 1, 0, '2020-03', '16', NULL, '02:58 AM', 1),
(217, 78, 6, 0, '1', 1, 0, 1, 0, '2020-03', '16', NULL, '02:58 AM', 1),
(218, 79, 1, 0, '1', 1, 0, 1, 0, '2020-03', '16', NULL, '02:58 AM', 1),
(219, 79, 2, 0, '1', 1, 0, 1, 0, '2020-03', '16', NULL, '02:58 AM', 1),
(220, 79, 3, 0, '1', 1, 0, 1, 0, '2020-03', '16', NULL, '02:58 AM', 1),
(221, 79, 4, 0, '1', 1, 0, 1, 0, '2020-03', '16', NULL, '02:58 AM', 1),
(222, 79, 5, 0, '1', 1, 0, 1, 0, '2020-03', '16', NULL, '02:58 AM', 1),
(223, 79, 6, 0, '1', 1, 0, 1, 0, '2020-03', '16', NULL, '02:58 AM', 1),
(224, 80, 1, 0, '1', 1, 0, 1, 0, '2020-03', '16', NULL, '02:59 AM', 1),
(225, 80, 2, 0, '1', 1, 0, 1, 0, '2020-03', '16', NULL, '02:59 AM', 1),
(226, 80, 3, 0, '1', 1, 0, 1, 0, '2020-03', '16', NULL, '02:59 AM', 1),
(227, 80, 4, 0, '1', 1, 0, 1, 0, '2020-03', '16', NULL, '02:59 AM', 1),
(228, 80, 5, 0, '1', 1, 0, 1, 0, '2020-03', '16', NULL, '02:59 AM', 1),
(229, 80, 6, 0, '1', 1, 0, 1, 0, '2020-03', '16', NULL, '02:59 AM', 1),
(230, 81, 1, 0, '1', 1, 0, 1, 0, '2020-03', '16', NULL, '02:59 AM', 1),
(231, 81, 2, 0, '1', 1, 0, 1, 0, '2020-03', '16', NULL, '02:59 AM', 1),
(232, 81, 3, 0, '1', 1, 0, 1, 0, '2020-03', '16', NULL, '02:59 AM', 1),
(233, 81, 4, 0, '1', 1, 0, 1, 0, '2020-03', '16', NULL, '02:59 AM', 1),
(234, 81, 5, 0, '1', 1, 0, 1, 0, '2020-03', '16', NULL, '02:59 AM', 1),
(235, 81, 6, 0, '1', 1, 0, 1, 0, '2020-03', '16', NULL, '02:59 AM', 1),
(236, 82, 1, 0, '1', 1, 0, 1, 0, '2020-03', '16', NULL, '03:02 AM', 1),
(237, 82, 3, 0, '1', 1, 0, 1, 0, '2020-03', '16', NULL, '03:02 AM', 1),
(238, 82, 2, 0, '1', 1, 0, 1, 0, '2020-03', '16', NULL, '03:02 AM', 1),
(239, 82, 4, 0, '1', 1, 0, 1, 0, '2020-03', '16', NULL, '03:02 AM', 1),
(240, 82, 5, 0, '1', 1, 0, 1, 0, '2020-03', '16', NULL, '03:02 AM', 1),
(241, 82, 6, 0, '1', 1, 0, 1, 0, '2020-03', '16', NULL, '03:02 AM', 1),
(242, 83, 1, 0, '1', 1, 0, 1, 0, '2020-03', '16', NULL, '03:03 AM', 1),
(243, 83, 2, 0, '1', 1, 0, 1, 0, '2020-03', '16', NULL, '03:03 AM', 1),
(244, 83, 3, 0, '1', 1, 0, 1, 0, '2020-03', '16', NULL, '03:03 AM', 1),
(245, 83, 4, 0, '1', 1, 0, 1, 0, '2020-03', '16', NULL, '03:03 AM', 1),
(246, 83, 5, 0, '1', 1, 0, 1, 0, '2020-03', '16', NULL, '03:03 AM', 1),
(247, 83, 6, 0, '1', 1, 0, 1, 0, '2020-03', '16', NULL, '03:03 AM', 1),
(248, 84, 2, 0, '43', 43, 0, 1, 0, '2020-03', '16', NULL, '03:03 AM', 1),
(249, 84, 3, 0, '43', 43, 0, 1, 0, '2020-03', '16', NULL, '03:03 AM', 1),
(250, 84, 1, 0, '43', 43, 0, 1, 0, '2020-03', '16', NULL, '03:03 AM', 1),
(251, 84, 4, 0, '43', 43, 0, 1, 0, '2020-03', '16', NULL, '03:03 AM', 1),
(252, 84, 5, 0, '43', 43, 0, 1, 0, '2020-03', '16', NULL, '03:03 AM', 1),
(253, 84, 6, 0, '43', 43, 0, 1, 0, '2020-03', '16', NULL, '03:03 AM', 1),
(254, 85, 1, 0, '1', 1, 0, 1, 0, '2020-03', '16', NULL, '03:04 AM', 1),
(255, 85, 2, 0, '1', 1, 0, 1, 0, '2020-03', '16', NULL, '03:04 AM', 1),
(256, 85, 3, 0, '1', 1, 0, 1, 0, '2020-03', '16', NULL, '03:04 AM', 1),
(257, 85, 4, 0, '1', 1, 0, 1, 0, '2020-03', '16', NULL, '03:04 AM', 1),
(258, 85, 5, 0, '1', 1, 0, 1, 0, '2020-03', '16', NULL, '03:04 AM', 1),
(259, 85, 6, 0, '1', 1, 0, 1, 0, '2020-03', '16', NULL, '03:04 AM', 1),
(260, 86, 1, 0, '1', 1, 0, 1, 0, '2020-03', '16', NULL, '03:04 AM', 1),
(261, 86, 2, 0, '1', 1, 0, 1, 0, '2020-03', '16', NULL, '03:04 AM', 1),
(262, 86, 3, 0, '1', 1, 0, 1, 0, '2020-03', '16', NULL, '03:04 AM', 1),
(263, 86, 4, 0, '1', 1, 0, 1, 0, '2020-03', '16', NULL, '03:04 AM', 1),
(264, 86, 5, 0, '1', 1, 0, 1, 0, '2020-03', '16', NULL, '03:04 AM', 1),
(265, 86, 6, 0, '1', 1, 0, 1, 0, '2020-03', '16', NULL, '03:04 AM', 1),
(266, 87, 1, 0, '1', 1, 0, 1, 0, '2020-03', '16', NULL, '03:05 AM', 1),
(267, 87, 2, 0, '1', 1, 0, 1, 0, '2020-03', '16', NULL, '03:05 AM', 1),
(268, 87, 3, 0, '1', 1, 0, 1, 0, '2020-03', '16', NULL, '03:05 AM', 1),
(269, 87, 4, 0, '1', 1, 0, 1, 0, '2020-03', '16', NULL, '03:05 AM', 1),
(270, 87, 5, 0, '1', 1, 0, 1, 0, '2020-03', '16', NULL, '03:05 AM', 1),
(271, 87, 6, 0, '1', 1, 0, 1, 0, '2020-03', '16', NULL, '03:05 AM', 1),
(272, 88, 1, 0, '1', 1, 0, 1, 0, '2020-03', '16', NULL, '03:05 AM', 1),
(273, 88, 3, 0, '1', 1, 0, 1, 0, '2020-03', '16', NULL, '03:05 AM', 1),
(274, 88, 2, 0, '1', 1, 0, 1, 0, '2020-03', '16', NULL, '03:05 AM', 1),
(275, 88, 4, 0, '1', 1, 0, 1, 0, '2020-03', '16', NULL, '03:05 AM', 1),
(276, 88, 5, 0, '1', 1, 0, 1, 0, '2020-03', '16', NULL, '03:05 AM', 1),
(277, 88, 6, 0, '1', 1, 0, 1, 0, '2020-03', '16', NULL, '03:05 AM', 1),
(278, 89, 1, 0, '1', 1, 0, 1, 0, '2020-03', '16', NULL, '03:06 AM', 1),
(279, 89, 3, 0, '1', 1, 0, 1, 0, '2020-03', '16', NULL, '03:06 AM', 1),
(280, 89, 2, 0, '1', 1, 0, 1, 0, '2020-03', '16', NULL, '03:06 AM', 1),
(281, 89, 5, 0, '1', 1, 0, 1, 0, '2020-03', '16', NULL, '03:06 AM', 1),
(282, 89, 4, 0, '1', 1, 0, 1, 0, '2020-03', '16', NULL, '03:06 AM', 1),
(283, 89, 6, 0, '1', 1, 0, 1, 0, '2020-03', '16', NULL, '03:06 AM', 1),
(284, 90, 1, 0, '1', 1, 0, 1, 0, '2020-03', '16', NULL, '03:06 AM', 1),
(285, 90, 2, 0, '1', 1, 0, 1, 0, '2020-03', '16', NULL, '03:06 AM', 1),
(286, 90, 3, 0, '1', 1, 0, 1, 0, '2020-03', '16', NULL, '03:06 AM', 1),
(287, 90, 4, 0, '1', 1, 0, 1, 0, '2020-03', '16', NULL, '03:06 AM', 1),
(288, 90, 5, 0, '1', 1, 0, 1, 0, '2020-03', '16', NULL, '03:06 AM', 1),
(289, 90, 6, 0, '1', 1, 0, 1, 0, '2020-03', '16', NULL, '03:06 AM', 1),
(290, 91, 1, 0, '1', 1, 0, 1, 0, '2020-03', '16', NULL, '03:07 AM', 1),
(291, 91, 2, 0, '1', 1, 0, 1, 0, '2020-03', '16', NULL, '03:07 AM', 1),
(292, 91, 3, 0, '1', 1, 0, 1, 0, '2020-03', '16', NULL, '03:07 AM', 1),
(293, 91, 4, 0, '1', 1, 0, 1, 0, '2020-03', '16', NULL, '03:07 AM', 1),
(294, 91, 5, 0, '1', 1, 0, 1, 0, '2020-03', '16', NULL, '03:07 AM', 1),
(295, 91, 6, 0, '1', 1, 0, 1, 0, '2020-03', '16', NULL, '03:07 AM', 1),
(296, 92, 1, 0, '1', 1, 0, 1, 0, '2020-03', '16', NULL, '03:07 AM', 1),
(297, 93, 1, 0, '1', 1, 0, 1, 0, '2020-03', '16', NULL, '03:08 AM', 1),
(298, 93, 2, 0, '1', 1, 0, 1, 0, '2020-03', '16', NULL, '03:08 AM', 1),
(299, 93, 3, 0, '1', 1, 0, 1, 0, '2020-03', '16', NULL, '03:08 AM', 1),
(300, 93, 5, 0, '1', 1, 0, 1, 0, '2020-03', '16', NULL, '03:08 AM', 1),
(301, 93, 4, 0, '1', 1, 0, 1, 0, '2020-03', '16', NULL, '03:08 AM', 1),
(302, 93, 6, 0, '1', 1, 0, 1, 0, '2020-03', '16', NULL, '03:08 AM', 1),
(303, 94, 1, 0, '2', 2, 0, 1, 0, '2020-03', '16', NULL, '03:11 AM', 1),
(304, 94, 2, 0, '2', 2, 0, 1, 0, '2020-03', '16', NULL, '03:11 AM', 1),
(305, 94, 3, 0, '2', 2, 0, 1, 0, '2020-03', '16', NULL, '03:11 AM', 1),
(306, 94, 4, 0, '2', 2, 0, 1, 0, '2020-03', '16', NULL, '03:11 AM', 1),
(307, 94, 5, 0, '2', 2, 0, 1, 0, '2020-03', '16', NULL, '03:11 AM', 1),
(308, 94, 6, 0, '2', 2, 0, 1, 0, '2020-03', '16', NULL, '03:11 AM', 1),
(309, 95, 1, 0, '1', 1, 0, 1, 0, '2020-03', '16', NULL, '03:28 AM', 1),
(310, 95, 3, 0, '1', 1, 0, 1, 0, '2020-03', '16', NULL, '03:28 AM', 1),
(311, 95, 2, 0, '1', 1, 0, 1, 0, '2020-03', '16', NULL, '03:28 AM', 1),
(312, 95, 4, 0, '1', 1, 0, 1, 0, '2020-03', '16', NULL, '03:28 AM', 1),
(313, 95, 5, 0, '1', 1, 0, 1, 0, '2020-03', '16', NULL, '03:28 AM', 1),
(314, 95, 6, 0, '1', 1, 0, 1, 0, '2020-03', '16', NULL, '03:28 AM', 1),
(315, 96, 1, 0, '1', 1, 0, 1, 0, '2020-03', '16', NULL, '03:29 AM', 1),
(316, 96, 2, 0, '1', 1, 0, 1, 0, '2020-03', '16', NULL, '03:29 AM', 1),
(317, 96, 4, 0, '1', 1, 0, 1, 0, '2020-03', '16', NULL, '03:29 AM', 1),
(318, 96, 3, 0, '1', 1, 0, 1, 0, '2020-03', '16', NULL, '03:29 AM', 1),
(319, 96, 5, 0, '1', 1, 0, 1, 0, '2020-03', '16', NULL, '03:29 AM', 1),
(320, 96, 6, 0, '1', 1, 0, 1, 0, '2020-03', '16', NULL, '03:29 AM', 1),
(321, 97, 2, 0, '1', 1, 0, 1, 0, '2020-03', '16', NULL, '03:29 AM', 1),
(322, 97, 1, 0, '1', 1, 0, 1, 0, '2020-03', '16', NULL, '03:29 AM', 1),
(323, 97, 3, 0, '1', 1, 0, 1, 0, '2020-03', '16', NULL, '03:29 AM', 1),
(324, 97, 4, 0, '1', 1, 0, 1, 0, '2020-03', '16', NULL, '03:29 AM', 1),
(325, 97, 5, 0, '1', 1, 0, 1, 0, '2020-03', '16', NULL, '03:29 AM', 1),
(326, 97, 6, 0, '1', 1, 0, 1, 0, '2020-03', '16', NULL, '03:29 AM', 1),
(327, 98, 1, 0, '1', 1, 0, 1, 0, '2020-03', '16', NULL, '03:30 AM', 1),
(328, 98, 2, 0, '1', 1, 0, 1, 0, '2020-03', '16', NULL, '03:30 AM', 1),
(329, 98, 3, 0, '1', 1, 0, 1, 0, '2020-03', '16', NULL, '03:30 AM', 1),
(330, 98, 4, 0, '1', 1, 0, 1, 0, '2020-03', '16', NULL, '03:30 AM', 1),
(331, 98, 5, 0, '1', 1, 0, 1, 0, '2020-03', '16', NULL, '03:30 AM', 1),
(332, 98, 6, 0, '1', 1, 0, 1, 0, '2020-03', '16', NULL, '03:30 AM', 1),
(333, 99, 1, 0, '2', 2, 0, 1, 0, '2020-03', '16', NULL, '03:30 AM', 1),
(334, 99, 2, 0, '2', 2, 0, 1, 0, '2020-03', '16', NULL, '03:30 AM', 1),
(335, 99, 3, 0, '2', 2, 0, 1, 0, '2020-03', '16', NULL, '03:30 AM', 1),
(336, 99, 4, 0, '2', 2, 0, 1, 0, '2020-03', '16', NULL, '03:30 AM', 1),
(337, 99, 5, 0, '2', 2, 0, 1, 0, '2020-03', '16', NULL, '03:30 AM', 1),
(338, 99, 6, 0, '2', 2, 0, 1, 0, '2020-03', '16', NULL, '03:30 AM', 1),
(339, 100, 1, 0, '1', 1, 0, 1, 0, '2020-03', '16', NULL, '03:31 AM', 1),
(340, 100, 2, 0, '1', 1, 0, 1, 0, '2020-03', '16', NULL, '03:31 AM', 1),
(341, 100, 3, 0, '1', 1, 0, 1, 0, '2020-03', '16', NULL, '03:31 AM', 1),
(342, 100, 4, 0, '1', 1, 0, 1, 0, '2020-03', '16', NULL, '03:31 AM', 1),
(343, 100, 5, 0, '1', 1, 0, 1, 0, '2020-03', '16', NULL, '03:31 AM', 1),
(344, 100, 6, 0, '1', 1, 0, 1, 0, '2020-03', '16', NULL, '03:31 AM', 1),
(345, 101, 1, 0, '1', 1, 0, 1, 0, '2020-03', '16', NULL, '03:31 AM', 1),
(346, 101, 2, 0, '1', 1, 0, 1, 0, '2020-03', '16', NULL, '03:31 AM', 1),
(347, 101, 3, 0, '1', 1, 0, 1, 0, '2020-03', '16', NULL, '03:31 AM', 1),
(348, 101, 4, 0, '1', 1, 0, 1, 0, '2020-03', '16', NULL, '03:31 AM', 1),
(349, 101, 5, 0, '1', 1, 0, 1, 0, '2020-03', '16', NULL, '03:31 AM', 1),
(350, 101, 6, 0, '1', 1, 0, 1, 0, '2020-03', '16', NULL, '03:31 AM', 1),
(351, 102, 1, 0, '1', 1, 0, 1, 0, '2020-03', '16', NULL, '03:32 AM', 1),
(352, 102, 2, 0, '1', 1, 0, 1, 0, '2020-03', '16', NULL, '03:32 AM', 1),
(353, 102, 3, 0, '1', 1, 0, 1, 0, '2020-03', '16', NULL, '03:32 AM', 1),
(354, 102, 4, 0, '1', 1, 0, 1, 0, '2020-03', '16', NULL, '03:32 AM', 1),
(355, 102, 5, 0, '1', 1, 0, 1, 0, '2020-03', '16', NULL, '03:32 AM', 1),
(356, 102, 6, 0, '1', 1, 0, 1, 0, '2020-03', '16', NULL, '03:32 AM', 1),
(357, 103, 1, 0, '1', 1, 0, 1, 0, '2020-03', '16', NULL, '03:32 AM', 1),
(358, 103, 2, 0, '1', 1, 0, 1, 0, '2020-03', '16', NULL, '03:32 AM', 1),
(359, 103, 3, 0, '1', 1, 0, 1, 0, '2020-03', '16', NULL, '03:32 AM', 1),
(360, 103, 4, 0, '1', 1, 0, 1, 0, '2020-03', '16', NULL, '03:32 AM', 1),
(361, 103, 5, 0, '1', 1, 0, 1, 0, '2020-03', '16', NULL, '03:32 AM', 1),
(362, 103, 6, 0, '1', 1, 0, 1, 0, '2020-03', '16', NULL, '03:32 AM', 1),
(363, 104, 1, 0, '1', 1, 0, 1, 0, '2020-03', '16', NULL, '03:32 AM', 1),
(364, 104, 2, 0, '1', 1, 0, 1, 0, '2020-03', '16', NULL, '03:32 AM', 1),
(365, 104, 3, 0, '1', 1, 0, 1, 0, '2020-03', '16', NULL, '03:32 AM', 1),
(366, 104, 4, 0, '1', 1, 0, 1, 0, '2020-03', '16', NULL, '03:32 AM', 1),
(367, 104, 5, 0, '1', 1, 0, 1, 0, '2020-03', '16', NULL, '03:32 AM', 1),
(368, 104, 6, 0, '1', 1, 0, 1, 0, '2020-03', '16', NULL, '03:32 AM', 1),
(369, 105, 1, 0, '1', 1, 0, 1, 0, '2020-03', '16', NULL, '03:33 AM', 1),
(370, 105, 2, 0, '1', 1, 0, 1, 0, '2020-03', '16', NULL, '03:33 AM', 1),
(371, 105, 3, 0, '1', 1, 0, 1, 0, '2020-03', '16', NULL, '03:33 AM', 1),
(372, 105, 4, 0, '1', 1, 0, 1, 0, '2020-03', '16', NULL, '03:33 AM', 1),
(373, 105, 5, 0, '1', 1, 0, 1, 0, '2020-03', '16', NULL, '03:33 AM', 1),
(374, 105, 6, 0, '1', 1, 0, 1, 0, '2020-03', '16', NULL, '03:33 AM', 1),
(375, 106, 1, 0, '1', 1, 0, 1, 0, '2020-03', '16', NULL, '03:34 AM', 1),
(376, 106, 2, 0, '1', 1, 0, 1, 0, '2020-03', '16', NULL, '03:34 AM', 1),
(377, 106, 4, 0, '1', 1, 0, 1, 0, '2020-03', '16', NULL, '03:34 AM', 1),
(378, 106, 3, 0, '1', 1, 0, 1, 0, '2020-03', '16', NULL, '03:34 AM', 1),
(379, 106, 5, 0, '1', 1, 0, 1, 0, '2020-03', '16', NULL, '03:34 AM', 1),
(380, 106, 6, 0, '1', 1, 0, 1, 0, '2020-03', '16', NULL, '03:34 AM', 1),
(381, 107, 1, 0, '1', 1, 0, 1, 0, '2020-03', '16', NULL, '03:35 AM', 1),
(382, 107, 2, 0, '1', 1, 0, 1, 0, '2020-03', '16', NULL, '03:35 AM', 1),
(383, 107, 3, 0, '1', 1, 0, 1, 0, '2020-03', '16', NULL, '03:35 AM', 1),
(384, 107, 4, 0, '1', 1, 0, 1, 0, '2020-03', '16', NULL, '03:35 AM', 1),
(385, 107, 5, 0, '1', 1, 0, 1, 0, '2020-03', '16', NULL, '03:35 AM', 1),
(386, 107, 6, 0, '1', 1, 0, 1, 0, '2020-03', '16', NULL, '03:35 AM', 1),
(387, 108, 1, 0, '1', 1, 0, 1, 0, '2020-03', '16', NULL, '03:35 AM', 1),
(388, 108, 2, 0, '1', 1, 0, 1, 0, '2020-03', '16', NULL, '03:35 AM', 1),
(389, 108, 3, 0, '1', 1, 0, 1, 0, '2020-03', '16', NULL, '03:35 AM', 1),
(390, 108, 4, 0, '1', 1, 0, 1, 0, '2020-03', '16', NULL, '03:35 AM', 1),
(391, 108, 5, 0, '1', 1, 0, 1, 0, '2020-03', '16', NULL, '03:35 AM', 1),
(392, 108, 6, 0, '1', 1, 0, 1, 0, '2020-03', '16', NULL, '03:35 AM', 1),
(393, 109, 1, 0, '1', 1, 0, 1, 0, '2020-03', '16', NULL, '03:35 AM', 1),
(394, 109, 2, 0, '1', 1, 0, 1, 0, '2020-03', '16', NULL, '03:35 AM', 1),
(395, 109, 3, 0, '1', 1, 0, 1, 0, '2020-03', '16', NULL, '03:35 AM', 1),
(396, 109, 4, 0, '1', 1, 0, 1, 0, '2020-03', '16', NULL, '03:35 AM', 1),
(397, 109, 5, 0, '1', 1, 0, 1, 0, '2020-03', '16', NULL, '03:35 AM', 1),
(398, 109, 6, 0, '1', 1, 0, 1, 0, '2020-03', '16', NULL, '03:35 AM', 1),
(399, 110, 1, 0, '1', 1, 0, 1, 0, '2020-03', '16', NULL, '03:36 AM', 1),
(400, 110, 2, 0, '1', 1, 0, 1, 0, '2020-03', '16', NULL, '03:36 AM', 1),
(401, 110, 3, 0, '1', 1, 0, 1, 0, '2020-03', '16', NULL, '03:36 AM', 1),
(402, 110, 4, 0, '1', 1, 0, 1, 0, '2020-03', '16', NULL, '03:36 AM', 1),
(403, 110, 5, 0, '1', 1, 0, 1, 0, '2020-03', '16', NULL, '03:36 AM', 1),
(404, 110, 6, 0, '1', 1, 0, 1, 0, '2020-03', '16', NULL, '03:36 AM', 1),
(405, 111, 1, 0, '1', 1, 0, 1, 0, '2020-03', '16', NULL, '03:36 AM', 1),
(406, 111, 2, 0, '1', 1, 0, 1, 0, '2020-03', '16', NULL, '03:36 AM', 1),
(407, 111, 3, 0, '1', 1, 0, 1, 0, '2020-03', '16', NULL, '03:36 AM', 1),
(408, 111, 4, 0, '1', 1, 0, 1, 0, '2020-03', '16', NULL, '03:36 AM', 1),
(409, 111, 5, 0, '1', 1, 0, 1, 0, '2020-03', '16', NULL, '03:36 AM', 1),
(410, 111, 6, 0, '1', 1, 0, 1, 0, '2020-03', '16', NULL, '03:36 AM', 1),
(411, 112, 1, 0, '1', 1, 0, 1, 0, '2020-03', '16', NULL, '03:36 AM', 1),
(412, 112, 2, 0, '1', 1, 0, 1, 0, '2020-03', '16', NULL, '03:36 AM', 1),
(413, 112, 3, 0, '1', 1, 0, 1, 0, '2020-03', '16', NULL, '03:36 AM', 1),
(414, 112, 4, 0, '1', 1, 0, 1, 0, '2020-03', '16', NULL, '03:36 AM', 1),
(415, 112, 5, 0, '1', 1, 0, 1, 0, '2020-03', '16', NULL, '03:36 AM', 1),
(416, 112, 6, 0, '1', 1, 0, 1, 0, '2020-03', '16', NULL, '03:36 AM', 1),
(417, 113, 1, 0, '1', 1, 0, 1, 0, '2020-03', '16', NULL, '03:37 AM', 1),
(418, 113, 2, 0, '1', 1, 0, 1, 0, '2020-03', '16', NULL, '03:37 AM', 1),
(419, 113, 3, 0, '1', 1, 0, 1, 0, '2020-03', '16', NULL, '03:37 AM', 1),
(420, 113, 4, 0, '1', 1, 0, 1, 0, '2020-03', '16', NULL, '03:37 AM', 1),
(421, 113, 5, 0, '1', 1, 0, 1, 0, '2020-03', '16', NULL, '03:37 AM', 1),
(422, 113, 6, 0, '1', 1, 0, 1, 0, '2020-03', '16', NULL, '03:37 AM', 1),
(423, 114, 1, 0, '1', 1, 0, 1, 0, '2020-03', '16', NULL, '03:38 AM', 1),
(424, 114, 2, 0, '1', 1, 0, 1, 0, '2020-03', '16', NULL, '03:38 AM', 1),
(425, 114, 3, 0, '1', 1, 0, 1, 0, '2020-03', '16', NULL, '03:38 AM', 1),
(426, 114, 4, 0, '1', 1, 0, 1, 0, '2020-03', '16', NULL, '03:38 AM', 1),
(427, 114, 5, 0, '1', 1, 0, 1, 0, '2020-03', '16', NULL, '03:38 AM', 1),
(428, 114, 6, 0, '1', 1, 0, 1, 0, '2020-03', '16', NULL, '03:38 AM', 1),
(429, 115, 1, 0, '1', 1, 0, 1, 0, '2020-03', '16', NULL, '03:42 AM', 1),
(430, 115, 2, 0, '1', 1, 0, 1, 0, '2020-03', '16', NULL, '03:42 AM', 1),
(431, 115, 3, 0, '1', 1, 0, 1, 0, '2020-03', '16', NULL, '03:42 AM', 1),
(432, 115, 4, 0, '1', 1, 0, 1, 0, '2020-03', '16', NULL, '03:42 AM', 1),
(433, 115, 5, 0, '1', 1, 0, 1, 0, '2020-03', '16', NULL, '03:42 AM', 1),
(434, 115, 6, 0, '1', 1, 0, 1, 0, '2020-03', '16', NULL, '03:42 AM', 1),
(435, 116, 1, 0, '2', 2, 0, 1, 0, '2020-03', '16', NULL, '03:43 AM', 1),
(436, 116, 2, 0, '2', 2, 0, 1, 0, '2020-03', '16', NULL, '03:43 AM', 1),
(437, 116, 3, 0, '2', 2, 0, 1, 0, '2020-03', '16', NULL, '03:43 AM', 1),
(438, 116, 4, 0, '2', 2, 0, 1, 0, '2020-03', '16', NULL, '03:43 AM', 1),
(439, 116, 5, 0, '2', 2, 0, 1, 0, '2020-03', '16', NULL, '03:43 AM', 1),
(440, 116, 6, 0, '2', 2, 0, 1, 0, '2020-03', '16', NULL, '03:43 AM', 1),
(441, 117, 1, 0, '1', 1, 0, 1, 0, '2020-03', '16', NULL, '03:44 AM', 1),
(442, 117, 2, 0, '1', 1, 0, 1, 0, '2020-03', '16', NULL, '03:44 AM', 1),
(443, 117, 4, 0, '1', 1, 0, 1, 0, '2020-03', '16', NULL, '03:44 AM', 1),
(444, 117, 3, 0, '1', 1, 0, 1, 0, '2020-03', '16', NULL, '03:44 AM', 1),
(445, 117, 5, 0, '1', 1, 0, 1, 0, '2020-03', '16', NULL, '03:44 AM', 1),
(446, 117, 6, 0, '1', 1, 0, 1, 0, '2020-03', '16', NULL, '03:44 AM', 1),
(447, 118, 1, 0, '2', 2, 0, 1, 0, '2020-03', '16', NULL, '03:44 AM', 1),
(448, 118, 2, 0, '2', 2, 0, 1, 0, '2020-03', '16', NULL, '03:44 AM', 1),
(449, 118, 3, 0, '2', 2, 0, 1, 0, '2020-03', '16', NULL, '03:44 AM', 1),
(450, 118, 4, 0, '2', 2, 0, 1, 0, '2020-03', '16', NULL, '03:44 AM', 1),
(451, 118, 5, 0, '2', 2, 0, 1, 0, '2020-03', '16', NULL, '03:44 AM', 1),
(452, 118, 6, 0, '2', 2, 0, 1, 0, '2020-03', '16', NULL, '03:44 AM', 1),
(453, 119, 1, 0, '1', 1, 0, 1, 0, '2020-03', '16', NULL, '03:45 AM', 1),
(454, 119, 2, 0, '1', 1, 0, 1, 0, '2020-03', '16', NULL, '03:45 AM', 1),
(455, 119, 3, 0, '1', 1, 0, 1, 0, '2020-03', '16', NULL, '03:45 AM', 1),
(456, 119, 4, 0, '1', 1, 0, 1, 0, '2020-03', '16', NULL, '03:45 AM', 1),
(457, 119, 5, 0, '1', 1, 0, 1, 0, '2020-03', '16', NULL, '03:45 AM', 1),
(458, 119, 6, 0, '1', 1, 0, 1, 0, '2020-03', '16', NULL, '03:45 AM', 1),
(459, 120, 1, 0, '1', 1, 0, 1, 0, '2020-03', '16', NULL, '03:45 AM', 1),
(460, 120, 2, 0, '1', 1, 0, 1, 0, '2020-03', '16', NULL, '03:45 AM', 1),
(461, 120, 3, 0, '1', 1, 0, 1, 0, '2020-03', '16', NULL, '03:45 AM', 1),
(462, 120, 4, 0, '1', 1, 0, 1, 0, '2020-03', '16', NULL, '03:45 AM', 1),
(463, 120, 5, 0, '1', 1, 0, 1, 0, '2020-03', '16', NULL, '03:45 AM', 1),
(464, 120, 6, 0, '1', 1, 0, 1, 0, '2020-03', '16', NULL, '03:45 AM', 1),
(465, 121, 1, 0, '2', 2, 0, 1, 0, '2020-03', '16', NULL, '03:45 AM', 1),
(466, 121, 2, 0, '2', 2, 0, 1, 0, '2020-03', '16', NULL, '03:45 AM', 1),
(467, 121, 3, 0, '2', 2, 0, 1, 0, '2020-03', '16', NULL, '03:45 AM', 1),
(468, 121, 4, 0, '2', 2, 0, 1, 0, '2020-03', '16', NULL, '03:45 AM', 1),
(469, 121, 5, 0, '2', 2, 0, 1, 0, '2020-03', '16', NULL, '03:45 AM', 1),
(470, 121, 6, 0, '2', 2, 0, 1, 0, '2020-03', '16', NULL, '03:45 AM', 1),
(471, 122, 1, 0, '2', 2, 0, 1, 0, '2020-03', '16', NULL, '03:46 AM', 1),
(472, 122, 2, 0, '2', 2, 0, 1, 0, '2020-03', '16', NULL, '03:46 AM', 1),
(473, 122, 3, 0, '2', 2, 0, 1, 0, '2020-03', '16', NULL, '03:46 AM', 1),
(474, 122, 4, 0, '2', 2, 0, 1, 0, '2020-03', '16', NULL, '03:46 AM', 1),
(475, 122, 5, 0, '2', 2, 0, 1, 0, '2020-03', '16', NULL, '03:46 AM', 1),
(476, 122, 6, 0, '2', 2, 0, 1, 0, '2020-03', '16', NULL, '03:46 AM', 1),
(477, 123, 1, 0, '1', 1, 0, 1, 0, '2020-03', '16', NULL, '03:46 AM', 1),
(478, 123, 2, 0, '1', 1, 0, 1, 0, '2020-03', '16', NULL, '03:46 AM', 1),
(479, 123, 3, 0, '1', 1, 0, 1, 0, '2020-03', '16', NULL, '03:46 AM', 1),
(480, 123, 4, 0, '1', 1, 0, 1, 0, '2020-03', '16', NULL, '03:46 AM', 1),
(481, 123, 5, 0, '1', 1, 0, 1, 0, '2020-03', '16', NULL, '03:46 AM', 1),
(482, 123, 6, 0, '1', 1, 0, 1, 0, '2020-03', '16', NULL, '03:46 AM', 1),
(483, 124, 1, 0, '1', 1, 0, 1, 0, '2020-03', '16', NULL, '03:47 AM', 1),
(484, 124, 2, 0, '1', 1, 0, 1, 0, '2020-03', '16', NULL, '03:47 AM', 1),
(485, 124, 3, 0, '1', 1, 0, 1, 0, '2020-03', '16', NULL, '03:47 AM', 1),
(486, 124, 4, 0, '1', 1, 0, 1, 0, '2020-03', '16', NULL, '03:47 AM', 1),
(487, 124, 5, 0, '1', 1, 0, 1, 0, '2020-03', '16', NULL, '03:47 AM', 1),
(488, 124, 6, 0, '1', 1, 0, 1, 0, '2020-03', '16', NULL, '03:47 AM', 1),
(489, 125, 1, 0, '2', 2, 0, 1, 0, '2020-03', '16', NULL, '03:47 AM', 1),
(490, 125, 2, 0, '2', 2, 0, 1, 0, '2020-03', '16', NULL, '03:47 AM', 1),
(491, 125, 3, 0, '2', 2, 0, 1, 0, '2020-03', '16', NULL, '03:47 AM', 1),
(492, 125, 4, 0, '2', 2, 0, 1, 0, '2020-03', '16', NULL, '03:47 AM', 1),
(493, 125, 5, 0, '2', 2, 0, 1, 0, '2020-03', '16', NULL, '03:47 AM', 1),
(494, 125, 6, 0, '2', 2, 0, 1, 0, '2020-03', '16', NULL, '03:47 AM', 1),
(495, 126, 1, 0, '69', 69, 0, 1, 0, '2020-03', '16', NULL, '03:48 AM', 1),
(496, 126, 2, 0, '69', 69, 0, 1, 0, '2020-03', '16', NULL, '03:48 AM', 1),
(497, 126, 3, 0, '69', 69, 0, 1, 0, '2020-03', '16', NULL, '03:48 AM', 1),
(498, 126, 4, 0, '69', 69, 0, 1, 0, '2020-03', '16', NULL, '03:48 AM', 1),
(499, 126, 5, 0, '69', 69, 0, 1, 0, '2020-03', '16', NULL, '03:48 AM', 1),
(500, 126, 6, 0, '69', 69, 0, 1, 0, '2020-03', '16', NULL, '03:48 AM', 1),
(501, 127, 1, 0, '71', 71, 0, 1, 0, '2020-03', '16', NULL, '03:48 AM', 1),
(502, 127, 2, 0, '71', 71, 0, 1, 0, '2020-03', '16', NULL, '03:48 AM', 1),
(503, 127, 4, 0, '71', 71, 0, 1, 0, '2020-03', '16', NULL, '03:48 AM', 1),
(504, 127, 3, 0, '71', 71, 0, 1, 0, '2020-03', '16', NULL, '03:48 AM', 1),
(505, 127, 5, 0, '71', 71, 0, 1, 0, '2020-03', '16', NULL, '03:48 AM', 1),
(506, 127, 6, 0, '71', 71, 0, 1, 0, '2020-03', '16', NULL, '03:48 AM', 1),
(507, 128, 1, 0, '16', 16, 0, 1, 0, '2020-03', '16', NULL, '03:49 AM', 1),
(508, 128, 2, 0, '16', 16, 0, 1, 0, '2020-03', '16', NULL, '03:49 AM', 1),
(509, 128, 3, 0, '16', 16, 0, 1, 0, '2020-03', '16', NULL, '03:49 AM', 1),
(510, 128, 4, 0, '16', 16, 0, 1, 0, '2020-03', '16', NULL, '03:49 AM', 1),
(511, 128, 5, 0, '16', 16, 0, 1, 0, '2020-03', '16', NULL, '03:49 AM', 1),
(512, 128, 6, 0, '16', 16, 0, 1, 0, '2020-03', '16', NULL, '03:49 AM', 1),
(513, 129, 1, 0, '31', 31, 0, 1, 0, '2020-03', '16', NULL, '03:50 AM', 1),
(514, 129, 2, 0, '31', 31, 0, 1, 0, '2020-03', '16', NULL, '03:50 AM', 1),
(515, 129, 3, 0, '31', 31, 0, 1, 0, '2020-03', '16', NULL, '03:50 AM', 1),
(516, 129, 4, 0, '31', 31, 0, 1, 0, '2020-03', '16', NULL, '03:50 AM', 1),
(517, 129, 5, 0, '31', 31, 0, 1, 0, '2020-03', '16', NULL, '03:50 AM', 1),
(518, 129, 6, 0, '31', 31, 0, 1, 0, '2020-03', '16', NULL, '03:50 AM', 1),
(519, 130, 1, 0, '24', 24, 0, 1, 0, '2020-03', '16', NULL, '03:51 AM', 1),
(520, 130, 2, 0, '24', 24, 0, 1, 0, '2020-03', '16', NULL, '03:51 AM', 1),
(521, 130, 4, 0, '24', 24, 0, 1, 0, '2020-03', '16', NULL, '03:51 AM', 1),
(522, 130, 3, 0, '24', 24, 0, 1, 0, '2020-03', '16', NULL, '03:51 AM', 1),
(523, 130, 5, 0, '24', 24, 0, 1, 0, '2020-03', '16', NULL, '03:51 AM', 1),
(524, 130, 6, 0, '24', 24, 0, 1, 0, '2020-03', '16', NULL, '03:51 AM', 1),
(525, 131, 1, 0, '19', 19, 0, 1, 0, '2020-03', '16', NULL, '03:51 AM', 1),
(526, 131, 2, 0, '19', 19, 0, 1, 0, '2020-03', '16', NULL, '03:51 AM', 1),
(527, 131, 3, 0, '19', 19, 0, 1, 0, '2020-03', '16', NULL, '03:51 AM', 1),
(528, 131, 4, 0, '19', 19, 0, 1, 0, '2020-03', '16', NULL, '03:51 AM', 1),
(529, 131, 5, 0, '19', 19, 0, 1, 0, '2020-03', '16', NULL, '03:51 AM', 1),
(530, 131, 6, 0, '19', 19, 0, 1, 0, '2020-03', '16', NULL, '03:51 AM', 1),
(531, 132, 1, 0, '13', 13, 0, 1, 0, '2020-03', '16', NULL, '03:52 AM', 1),
(532, 132, 2, 0, '13', 13, 0, 1, 0, '2020-03', '16', NULL, '03:52 AM', 1),
(533, 132, 3, 0, '13', 13, 0, 1, 0, '2020-03', '16', NULL, '03:52 AM', 1),
(534, 132, 4, 0, '13', 13, 0, 1, 0, '2020-03', '16', NULL, '03:52 AM', 1),
(535, 132, 5, 0, '13', 13, 0, 1, 0, '2020-03', '16', NULL, '03:52 AM', 1),
(536, 132, 6, 0, '13', 13, 0, 1, 0, '2020-03', '16', NULL, '03:52 AM', 1),
(537, 133, 1, 0, '2', 2, 0, 1, 0, '2020-03', '16', NULL, '03:53 AM', 1),
(538, 133, 2, 0, '2', 2, 0, 1, 0, '2020-03', '16', NULL, '03:53 AM', 1),
(539, 133, 3, 0, '2', 2, 0, 1, 0, '2020-03', '16', NULL, '03:53 AM', 1),
(540, 133, 4, 0, '2', 2, 0, 1, 0, '2020-03', '16', NULL, '03:53 AM', 1),
(541, 133, 5, 0, '2', 2, 0, 1, 0, '2020-03', '16', NULL, '03:53 AM', 1),
(542, 133, 6, 0, '2', 2, 0, 1, 0, '2020-03', '16', NULL, '03:53 AM', 1),
(543, 134, 1, 0, '1', 1, 0, 1, 0, '2020-03', '16', NULL, '03:53 AM', 1),
(544, 134, 2, 0, '1', 1, 0, 1, 0, '2020-03', '16', NULL, '03:53 AM', 1),
(545, 134, 3, 0, '1', 1, 0, 1, 0, '2020-03', '16', NULL, '03:53 AM', 1),
(546, 134, 4, 0, '1', 1, 0, 1, 0, '2020-03', '16', NULL, '03:53 AM', 1),
(547, 134, 5, 0, '1', 1, 0, 1, 0, '2020-03', '16', NULL, '03:53 AM', 1),
(548, 134, 6, 0, '1', 1, 0, 1, 0, '2020-03', '16', NULL, '03:53 AM', 1),
(549, 135, 1, 0, '1', 1, 0, 1, 0, '2020-03', '16', NULL, '03:54 AM', 1),
(550, 135, 2, 0, '1', 1, 0, 1, 0, '2020-03', '16', NULL, '03:54 AM', 1),
(551, 135, 3, 0, '1', 1, 0, 1, 0, '2020-03', '16', NULL, '03:54 AM', 1),
(552, 135, 4, 0, '1', 1, 0, 1, 0, '2020-03', '16', NULL, '03:54 AM', 1),
(553, 135, 5, 0, '1', 1, 0, 1, 0, '2020-03', '16', NULL, '03:54 AM', 1),
(554, 135, 6, 0, '1', 1, 0, 1, 0, '2020-03', '16', NULL, '03:54 AM', 1),
(555, 136, 1, 0, '1', 1, 0, 1, 0, '2020-03', '16', NULL, '03:54 AM', 1),
(556, 136, 2, 0, '1', 1, 0, 1, 0, '2020-03', '16', NULL, '03:54 AM', 1),
(557, 136, 4, 0, '1', 1, 0, 1, 0, '2020-03', '16', NULL, '03:54 AM', 1),
(558, 136, 3, 0, '1', 1, 0, 1, 0, '2020-03', '16', NULL, '03:54 AM', 1),
(559, 136, 5, 0, '1', 1, 0, 1, 0, '2020-03', '16', NULL, '03:54 AM', 1),
(560, 136, 6, 0, '1', 1, 0, 1, 0, '2020-03', '16', NULL, '03:54 AM', 1),
(561, 137, 1, 0, '2', 2, 0, 1, 0, '2020-03', '16', NULL, '03:54 AM', 1),
(562, 137, 2, 0, '2', 2, 0, 1, 0, '2020-03', '16', NULL, '03:54 AM', 1),
(563, 137, 3, 0, '2', 2, 0, 1, 0, '2020-03', '16', NULL, '03:54 AM', 1),
(564, 137, 4, 0, '2', 2, 0, 1, 0, '2020-03', '16', NULL, '03:54 AM', 1),
(565, 137, 5, 0, '2', 2, 0, 1, 0, '2020-03', '16', NULL, '03:54 AM', 1),
(566, 137, 6, 0, '2', 2, 0, 1, 0, '2020-03', '16', NULL, '03:54 AM', 1),
(567, 138, 1, 0, '1', 1, 0, 1, 0, '2020-03', '16', NULL, '03:55 AM', 1),
(568, 138, 2, 0, '1', 1, 0, 1, 0, '2020-03', '16', NULL, '03:55 AM', 1),
(569, 138, 3, 0, '1', 1, 0, 1, 0, '2020-03', '16', NULL, '03:55 AM', 1),
(570, 138, 4, 0, '1', 1, 0, 1, 0, '2020-03', '16', NULL, '03:55 AM', 1),
(571, 138, 5, 0, '1', 1, 0, 1, 0, '2020-03', '16', NULL, '03:55 AM', 1),
(572, 138, 6, 0, '1', 1, 0, 1, 0, '2020-03', '16', NULL, '03:55 AM', 1),
(573, 139, 1, 0, '2', 2, 0, 1, 0, '2020-03', '16', NULL, '03:55 AM', 1),
(574, 139, 2, 0, '2', 2, 0, 1, 0, '2020-03', '16', NULL, '03:55 AM', 1),
(575, 139, 3, 0, '2', 2, 0, 1, 0, '2020-03', '16', NULL, '03:55 AM', 1),
(576, 139, 4, 0, '2', 2, 0, 1, 0, '2020-03', '16', NULL, '03:55 AM', 1),
(577, 139, 5, 0, '2', 2, 0, 1, 0, '2020-03', '16', NULL, '03:55 AM', 1),
(578, 139, 6, 0, '2', 2, 0, 1, 0, '2020-03', '16', NULL, '03:55 AM', 1),
(579, 140, 1, 0, '1', 1, 0, 1, 0, '2020-03', '16', NULL, '03:56 AM', 1),
(580, 140, 2, 0, '1', 1, 0, 1, 0, '2020-03', '16', NULL, '03:56 AM', 1),
(581, 140, 4, 0, '1', 1, 0, 1, 0, '2020-03', '16', NULL, '03:56 AM', 1),
(582, 140, 3, 0, '1', 1, 0, 1, 0, '2020-03', '16', NULL, '03:56 AM', 1),
(583, 140, 5, 0, '1', 1, 0, 1, 0, '2020-03', '16', NULL, '03:56 AM', 1),
(584, 140, 6, 0, '1', 1, 0, 1, 0, '2020-03', '16', NULL, '03:56 AM', 1),
(585, 141, 1, 0, '1', 1, 0, 1, 0, '2020-03', '16', NULL, '03:56 AM', 1),
(586, 141, 2, 0, '1', 1, 0, 1, 0, '2020-03', '16', NULL, '03:56 AM', 1),
(587, 141, 3, 0, '1', 1, 0, 1, 0, '2020-03', '16', NULL, '03:56 AM', 1),
(588, 141, 4, 0, '1', 1, 0, 1, 0, '2020-03', '16', NULL, '03:56 AM', 1),
(589, 141, 5, 0, '1', 1, 0, 1, 0, '2020-03', '16', NULL, '03:56 AM', 1),
(590, 141, 6, 0, '1', 1, 0, 1, 0, '2020-03', '16', NULL, '03:56 AM', 1),
(591, 142, 1, 0, '2', 2, 0, 1, 0, '2020-03', '16', NULL, '03:56 AM', 1),
(592, 142, 2, 0, '2', 2, 0, 1, 0, '2020-03', '16', NULL, '03:56 AM', 1),
(593, 142, 3, 0, '2', 2, 0, 1, 0, '2020-03', '16', NULL, '03:56 AM', 1),
(594, 142, 5, 0, '2', 2, 0, 1, 0, '2020-03', '16', NULL, '03:56 AM', 1),
(595, 142, 4, 0, '2', 2, 0, 1, 0, '2020-03', '16', NULL, '03:56 AM', 1),
(596, 142, 6, 0, '2', 2, 0, 1, 0, '2020-03', '16', NULL, '03:56 AM', 1),
(597, 143, 1, 0, '1', 1, 0, 1, 0, '2020-03', '16', NULL, '03:57 AM', 1),
(598, 143, 2, 0, '1', 1, 0, 1, 0, '2020-03', '16', NULL, '03:57 AM', 1),
(599, 143, 3, 0, '1', 1, 0, 1, 0, '2020-03', '16', NULL, '03:57 AM', 1),
(600, 143, 4, 0, '1', 1, 0, 1, 0, '2020-03', '16', NULL, '03:57 AM', 1),
(601, 143, 5, 0, '1', 1, 0, 1, 0, '2020-03', '16', NULL, '03:57 AM', 1),
(602, 143, 6, 0, '1', 1, 0, 1, 0, '2020-03', '16', NULL, '03:57 AM', 1),
(603, 144, 1, 0, '1', 1, 0, 1, 0, '2020-03', '16', NULL, '03:58 AM', 1),
(604, 144, 2, 0, '1', 1, 0, 1, 0, '2020-03', '16', NULL, '03:58 AM', 1),
(605, 144, 3, 0, '1', 1, 0, 1, 0, '2020-03', '16', NULL, '03:58 AM', 1),
(606, 144, 4, 0, '1', 1, 0, 1, 0, '2020-03', '16', NULL, '03:58 AM', 1),
(607, 144, 5, 0, '1', 1, 0, 1, 0, '2020-03', '16', NULL, '03:58 AM', 1),
(608, 144, 6, 0, '1', 1, 0, 1, 0, '2020-03', '16', NULL, '03:58 AM', 1),
(609, 145, 1, 0, '1', 1, 0, 1, 0, '2020-03', '16', NULL, '03:58 AM', 1),
(610, 145, 2, 0, '1', 1, 0, 1, 0, '2020-03', '16', NULL, '03:58 AM', 1),
(611, 145, 3, 0, '1', 1, 0, 1, 0, '2020-03', '16', NULL, '03:58 AM', 1),
(612, 145, 4, 0, '1', 1, 0, 1, 0, '2020-03', '16', NULL, '03:58 AM', 1),
(613, 145, 5, 0, '1', 1, 0, 1, 0, '2020-03', '16', NULL, '03:58 AM', 1),
(614, 145, 6, 0, '1', 1, 0, 1, 0, '2020-03', '16', NULL, '03:58 AM', 1),
(615, 146, 1, 0, '1', 1, 0, 1, 0, '2020-03', '16', NULL, '03:58 AM', 1),
(616, 146, 3, 0, '1', 1, 0, 1, 0, '2020-03', '16', NULL, '03:58 AM', 1),
(617, 146, 2, 0, '1', 1, 0, 1, 0, '2020-03', '16', NULL, '03:58 AM', 1),
(618, 146, 4, 0, '1', 1, 0, 1, 0, '2020-03', '16', NULL, '03:58 AM', 1),
(619, 146, 5, 0, '1', 1, 0, 1, 0, '2020-03', '16', NULL, '03:58 AM', 1),
(620, 146, 6, 0, '1', 1, 0, 1, 0, '2020-03', '16', NULL, '03:58 AM', 1),
(621, 147, 1, 0, '1', 1, 0, 1, 0, '2020-03', '16', NULL, '03:59 AM', 1),
(622, 147, 2, 0, '1', 1, 0, 1, 0, '2020-03', '16', NULL, '03:59 AM', 1),
(623, 147, 3, 0, '1', 1, 0, 1, 0, '2020-03', '16', NULL, '03:59 AM', 1),
(624, 147, 4, 0, '1', 1, 0, 1, 0, '2020-03', '16', NULL, '03:59 AM', 1),
(625, 147, 5, 0, '1', 1, 0, 1, 0, '2020-03', '16', NULL, '03:59 AM', 1),
(626, 147, 6, 0, '1', 1, 0, 1, 0, '2020-03', '16', NULL, '03:59 AM', 1),
(627, 148, 1, 0, '1', 1, 0, 1, 0, '2020-03', '16', NULL, '03:59 AM', 1),
(628, 148, 2, 0, '1', 1, 0, 1, 0, '2020-03', '16', NULL, '03:59 AM', 1),
(629, 148, 3, 0, '1', 1, 0, 1, 0, '2020-03', '16', NULL, '03:59 AM', 1),
(630, 148, 4, 0, '1', 1, 0, 1, 0, '2020-03', '16', NULL, '03:59 AM', 1),
(631, 148, 5, 0, '1', 1, 0, 1, 0, '2020-03', '16', NULL, '03:59 AM', 1),
(632, 148, 6, 0, '1', 1, 0, 1, 0, '2020-03', '16', NULL, '03:59 AM', 1),
(633, 149, 1, 0, '1', 1, 0, 1, 0, '2020-03', '16', NULL, '04:00 AM', 1),
(634, 149, 2, 0, '1', 1, 0, 1, 0, '2020-03', '16', NULL, '04:00 AM', 1),
(635, 149, 3, 0, '1', 1, 0, 1, 0, '2020-03', '16', NULL, '04:00 AM', 1),
(636, 149, 4, 0, '1', 1, 0, 1, 0, '2020-03', '16', NULL, '04:00 AM', 1),
(637, 149, 5, 0, '1', 1, 0, 1, 0, '2020-03', '16', NULL, '04:00 AM', 1),
(638, 149, 6, 0, '1', 1, 0, 1, 0, '2020-03', '16', NULL, '04:00 AM', 1),
(639, 150, 1, 0, '1', 1, 0, 1, 0, '2020-03', '16', NULL, '04:00 AM', 1),
(640, 150, 2, 0, '1', 1, 0, 1, 0, '2020-03', '16', NULL, '04:00 AM', 1),
(641, 150, 3, 0, '1', 1, 0, 1, 0, '2020-03', '16', NULL, '04:00 AM', 1),
(642, 150, 4, 0, '1', 1, 0, 1, 0, '2020-03', '16', NULL, '04:00 AM', 1),
(643, 150, 5, 0, '1', 1, 0, 1, 0, '2020-03', '16', NULL, '04:00 AM', 1),
(644, 150, 6, 0, '1', 1, 0, 1, 0, '2020-03', '16', NULL, '04:00 AM', 1),
(645, 151, 1, 0, '2', 2, 0, 1, 0, '2020-03', '16', NULL, '04:27 AM', 1),
(646, 151, 2, 0, '2', 2, 0, 1, 0, '2020-03', '16', NULL, '04:27 AM', 1),
(647, 151, 3, 0, '2', 2, 0, 1, 0, '2020-03', '16', NULL, '04:27 AM', 1),
(648, 151, 4, 0, '2', 2, 0, 1, 0, '2020-03', '16', NULL, '04:27 AM', 1),
(649, 151, 5, 0, '2', 2, 0, 1, 0, '2020-03', '16', NULL, '04:27 AM', 1),
(650, 151, 6, 0, '2', 2, 0, 1, 0, '2020-03', '16', NULL, '04:27 AM', 1),
(651, 152, 1, 0, '2', 2, 0, 1, 0, '2020-03', '16', NULL, '04:28 AM', 1),
(652, 152, 2, 0, '2', 2, 0, 1, 0, '2020-03', '16', NULL, '04:28 AM', 1),
(653, 152, 3, 0, '2', 2, 0, 1, 0, '2020-03', '16', NULL, '04:28 AM', 1),
(654, 152, 4, 0, '2', 2, 0, 1, 0, '2020-03', '16', NULL, '04:28 AM', 1),
(655, 152, 5, 0, '2', 2, 0, 1, 0, '2020-03', '16', NULL, '04:28 AM', 1),
(656, 152, 6, 0, '2', 2, 0, 1, 0, '2020-03', '16', NULL, '04:28 AM', 1),
(657, 153, 1, 0, '2', 2, 0, 1, 0, '2020-03', '16', NULL, '04:28 AM', 1),
(658, 153, 2, 0, '2', 2, 0, 1, 0, '2020-03', '16', NULL, '04:28 AM', 1),
(659, 153, 3, 0, '2', 2, 0, 1, 0, '2020-03', '16', NULL, '04:28 AM', 1),
(660, 153, 4, 0, '2', 2, 0, 1, 0, '2020-03', '16', NULL, '04:28 AM', 1),
(661, 153, 5, 0, '2', 2, 0, 1, 0, '2020-03', '16', NULL, '04:28 AM', 1),
(662, 153, 6, 0, '2', 2, 0, 1, 0, '2020-03', '16', NULL, '04:28 AM', 1),
(663, 154, 1, 0, '1', 1, 0, 1, 0, '2020-03', '16', NULL, '04:29 AM', 1),
(664, 154, 2, 0, '1', 1, 0, 1, 0, '2020-03', '16', NULL, '04:29 AM', 1),
(665, 154, 3, 0, '1', 1, 0, 1, 0, '2020-03', '16', NULL, '04:29 AM', 1),
(666, 154, 4, 0, '1', 1, 0, 1, 0, '2020-03', '16', NULL, '04:29 AM', 1),
(667, 154, 5, 0, '1', 1, 0, 1, 0, '2020-03', '16', NULL, '04:29 AM', 1),
(668, 154, 6, 0, '1', 1, 0, 1, 0, '2020-03', '16', NULL, '04:29 AM', 1),
(669, 155, 1, 0, '1', 1, 0, 1, 0, '2020-03', '16', NULL, '04:29 AM', 1),
(670, 155, 2, 0, '1', 1, 0, 1, 0, '2020-03', '16', NULL, '04:29 AM', 1),
(671, 155, 3, 0, '1', 1, 0, 1, 0, '2020-03', '16', NULL, '04:29 AM', 1),
(672, 155, 4, 0, '1', 1, 0, 1, 0, '2020-03', '16', NULL, '04:29 AM', 1),
(673, 155, 5, 0, '1', 1, 0, 1, 0, '2020-03', '16', NULL, '04:29 AM', 1),
(674, 155, 6, 0, '1', 1, 0, 1, 0, '2020-03', '16', NULL, '04:29 AM', 1),
(675, 156, 2, 0, '1', 1, 0, 1, 0, '2020-03', '16', NULL, '04:30 AM', 1),
(676, 156, 1, 0, '1', 1, 0, 1, 0, '2020-03', '16', NULL, '04:30 AM', 1),
(677, 156, 3, 0, '1', 1, 0, 1, 0, '2020-03', '16', NULL, '04:30 AM', 1),
(678, 156, 4, 0, '1', 1, 0, 1, 0, '2020-03', '16', NULL, '04:30 AM', 1),
(679, 156, 5, 0, '1', 1, 0, 1, 0, '2020-03', '16', NULL, '04:30 AM', 1),
(680, 156, 6, 0, '1', 1, 0, 1, 0, '2020-03', '16', NULL, '04:30 AM', 1),
(681, 157, 1, 0, '1', 1, 0, 1, 0, '2020-03', '16', NULL, '04:30 AM', 1),
(682, 157, 2, 0, '1', 1, 0, 1, 0, '2020-03', '16', NULL, '04:30 AM', 1),
(683, 157, 3, 0, '1', 1, 0, 1, 0, '2020-03', '16', NULL, '04:30 AM', 1),
(684, 157, 4, 0, '1', 1, 0, 1, 0, '2020-03', '16', NULL, '04:30 AM', 1),
(685, 157, 5, 0, '1', 1, 0, 1, 0, '2020-03', '16', NULL, '04:30 AM', 1),
(686, 157, 6, 0, '1', 1, 0, 1, 0, '2020-03', '16', NULL, '04:30 AM', 1),
(687, 158, 1, 0, '34', 34, 0, 1, 0, '2020-03', '16', NULL, '04:30 AM', 1),
(688, 158, 2, 0, '34', 34, 0, 1, 0, '2020-03', '16', NULL, '04:30 AM', 1),
(689, 158, 3, 0, '34', 34, 0, 1, 0, '2020-03', '16', NULL, '04:30 AM', 1),
(690, 158, 4, 0, '34', 34, 0, 1, 0, '2020-03', '16', NULL, '04:30 AM', 1),
(691, 158, 5, 0, '34', 34, 0, 1, 0, '2020-03', '16', NULL, '04:30 AM', 1),
(692, 158, 6, 0, '34', 34, 0, 1, 0, '2020-03', '16', NULL, '04:30 AM', 1),
(693, 159, 1, 0, '60', 60, 0, 1, 0, '2020-03', '16', NULL, '04:31 AM', 1),
(694, 159, 2, 0, '60', 60, 0, 1, 0, '2020-03', '16', NULL, '04:31 AM', 1),
(695, 159, 3, 0, '60', 60, 0, 1, 0, '2020-03', '16', NULL, '04:31 AM', 1),
(696, 159, 4, 0, '60', 60, 0, 1, 0, '2020-03', '16', NULL, '04:31 AM', 1),
(697, 159, 5, 0, '60', 60, 0, 1, 0, '2020-03', '16', NULL, '04:31 AM', 1),
(698, 159, 6, 0, '60', 60, 0, 1, 0, '2020-03', '16', NULL, '04:31 AM', 1),
(699, 160, 1, 0, '1', 1, 0, 1, 0, '2020-03', '16', NULL, '04:31 AM', 1),
(700, 160, 2, 0, '1', 1, 0, 1, 0, '2020-03', '16', NULL, '04:31 AM', 1),
(701, 160, 3, 0, '1', 1, 0, 1, 0, '2020-03', '16', NULL, '04:31 AM', 1),
(702, 160, 4, 0, '1', 1, 0, 1, 0, '2020-03', '16', NULL, '04:31 AM', 1),
(703, 160, 5, 0, '1', 1, 0, 1, 0, '2020-03', '16', NULL, '04:31 AM', 1),
(704, 160, 6, 0, '1', 1, 0, 1, 0, '2020-03', '16', NULL, '04:31 AM', 1),
(705, 161, 1, 0, '1', 1, 0, 1, 0, '2020-03', '16', NULL, '04:32 AM', 1),
(706, 161, 2, 0, '1', 1, 0, 1, 0, '2020-03', '16', NULL, '04:32 AM', 1),
(707, 161, 3, 0, '1', 1, 0, 1, 0, '2020-03', '16', NULL, '04:32 AM', 1),
(708, 161, 4, 0, '1', 1, 0, 1, 0, '2020-03', '16', NULL, '04:32 AM', 1),
(709, 161, 5, 0, '1', 1, 0, 1, 0, '2020-03', '16', NULL, '04:32 AM', 1),
(710, 161, 6, 0, '1', 1, 0, 1, 0, '2020-03', '16', NULL, '04:32 AM', 1),
(711, 162, 1, 0, '148', 148, 0, 1, 0, '2020-03', '16', NULL, '04:32 AM', 1),
(712, 162, 2, 0, '148', 148, 0, 1, 0, '2020-03', '16', NULL, '04:32 AM', 1),
(713, 162, 3, 0, '148', 148, 0, 1, 0, '2020-03', '16', NULL, '04:32 AM', 1),
(714, 162, 4, 0, '148', 148, 0, 1, 0, '2020-03', '16', NULL, '04:32 AM', 1),
(715, 162, 5, 0, '148', 148, 0, 1, 0, '2020-03', '16', NULL, '04:32 AM', 1),
(716, 162, 6, 0, '148', 148, 0, 1, 0, '2020-03', '16', NULL, '04:32 AM', 1),
(717, 163, 1, 0, '1', 1, 0, 1, 0, '2020-03', '16', NULL, '04:33 AM', 1),
(718, 163, 2, 0, '1', 1, 0, 1, 0, '2020-03', '16', NULL, '04:33 AM', 1),
(719, 163, 4, 0, '1', 1, 0, 1, 0, '2020-03', '16', NULL, '04:33 AM', 1),
(720, 163, 3, 0, '1', 1, 0, 1, 0, '2020-03', '16', NULL, '04:33 AM', 1),
(721, 163, 5, 0, '1', 1, 0, 1, 0, '2020-03', '16', NULL, '04:33 AM', 1),
(722, 163, 6, 0, '1', 1, 0, 1, 0, '2020-03', '16', NULL, '04:33 AM', 1),
(723, 164, 1, 0, '49', 49, 0, 1, 0, '2020-03', '16', NULL, '04:33 AM', 1),
(724, 164, 2, 0, '49', 49, 0, 1, 0, '2020-03', '16', NULL, '04:33 AM', 1),
(725, 164, 3, 0, '49', 49, 0, 1, 0, '2020-03', '16', NULL, '04:33 AM', 1),
(726, 164, 4, 0, '49', 49, 0, 1, 0, '2020-03', '16', NULL, '04:33 AM', 1),
(727, 164, 5, 0, '49', 49, 0, 1, 0, '2020-03', '16', NULL, '04:33 AM', 1),
(728, 164, 6, 0, '49', 49, 0, 1, 0, '2020-03', '16', NULL, '04:33 AM', 1),
(729, 165, 1, 0, '42', 42, 0, 1, 0, '2020-03', '16', NULL, '04:34 AM', 1),
(730, 165, 2, 0, '42', 42, 0, 1, 0, '2020-03', '16', NULL, '04:34 AM', 1),
(731, 165, 3, 0, '42', 42, 0, 1, 0, '2020-03', '16', NULL, '04:34 AM', 1),
(732, 165, 4, 0, '42', 42, 0, 1, 0, '2020-03', '16', NULL, '04:34 AM', 1),
(733, 165, 5, 0, '42', 42, 0, 1, 0, '2020-03', '16', NULL, '04:34 AM', 1),
(734, 165, 6, 0, '42', 42, 0, 1, 0, '2020-03', '16', NULL, '04:34 AM', 1),
(735, 166, 1, 0, '1', 1, 0, 1, 0, '2020-03', '16', NULL, '04:34 AM', 1),
(736, 166, 2, 0, '1', 1, 0, 1, 0, '2020-03', '16', NULL, '04:34 AM', 1),
(737, 166, 3, 0, '1', 1, 0, 1, 0, '2020-03', '16', NULL, '04:34 AM', 1),
(738, 166, 4, 0, '1', 1, 0, 1, 0, '2020-03', '16', NULL, '04:34 AM', 1),
(739, 166, 5, 0, '1', 1, 0, 1, 0, '2020-03', '16', NULL, '04:34 AM', 1),
(740, 166, 6, 0, '1', 1, 0, 1, 0, '2020-03', '16', NULL, '04:34 AM', 1),
(741, 167, 1, 0, '70', 70, 0, 1, 0, '2020-03', '16', NULL, '04:35 AM', 1),
(742, 167, 2, 0, '70', 70, 0, 1, 0, '2020-03', '16', NULL, '04:35 AM', 1),
(743, 167, 3, 0, '70', 70, 0, 1, 0, '2020-03', '16', NULL, '04:35 AM', 1),
(744, 167, 4, 0, '70', 70, 0, 1, 0, '2020-03', '16', NULL, '04:35 AM', 1),
(745, 167, 5, 0, '70', 70, 0, 1, 0, '2020-03', '16', NULL, '04:35 AM', 1),
(746, 167, 6, 0, '70', 70, 0, 1, 0, '2020-03', '16', NULL, '04:35 AM', 1),
(747, 168, 1, 0, '1', 1, 0, 1, 0, '2020-03', '16', NULL, '04:35 AM', 1),
(748, 168, 2, 0, '1', 1, 0, 1, 0, '2020-03', '16', NULL, '04:35 AM', 1),
(749, 168, 3, 0, '1', 1, 0, 1, 0, '2020-03', '16', NULL, '04:35 AM', 1),
(750, 168, 4, 0, '1', 1, 0, 1, 0, '2020-03', '16', NULL, '04:35 AM', 1),
(751, 168, 5, 0, '1', 1, 0, 1, 0, '2020-03', '16', NULL, '04:35 AM', 1),
(752, 168, 6, 0, '1', 1, 0, 1, 0, '2020-03', '16', NULL, '04:35 AM', 1),
(753, 169, 1, 0, '1', 1, 0, 1, 0, '2020-03', '16', NULL, '04:36 AM', 1),
(754, 169, 2, 0, '1', 1, 0, 1, 0, '2020-03', '16', NULL, '04:36 AM', 1),
(755, 169, 3, 0, '1', 1, 0, 1, 0, '2020-03', '16', NULL, '04:36 AM', 1),
(756, 169, 5, 0, '1', 1, 0, 1, 0, '2020-03', '16', NULL, '04:36 AM', 1),
(757, 169, 4, 0, '1', 1, 0, 1, 0, '2020-03', '16', NULL, '04:36 AM', 1),
(758, 169, 6, 0, '1', 1, 0, 1, 0, '2020-03', '16', NULL, '04:36 AM', 1),
(759, 170, 1, 0, '1', 1, 0, 1, 0, '2020-03', '16', NULL, '04:36 AM', 1),
(760, 170, 2, 0, '1', 1, 0, 1, 0, '2020-03', '16', NULL, '04:36 AM', 1),
(761, 170, 3, 0, '1', 1, 0, 1, 0, '2020-03', '16', NULL, '04:36 AM', 1),
(762, 170, 4, 0, '1', 1, 0, 1, 0, '2020-03', '16', NULL, '04:36 AM', 1),
(763, 170, 5, 0, '1', 1, 0, 1, 0, '2020-03', '16', NULL, '04:36 AM', 1),
(764, 170, 6, 0, '1', 1, 0, 1, 0, '2020-03', '16', NULL, '04:36 AM', 1),
(765, 171, 1, 0, '1', 1, 0, 1, 0, '2020-03', '16', NULL, '04:36 AM', 1),
(766, 171, 2, 0, '1', 1, 0, 1, 0, '2020-03', '16', NULL, '04:36 AM', 1),
(767, 171, 3, 0, '1', 1, 0, 1, 0, '2020-03', '16', NULL, '04:36 AM', 1),
(768, 171, 4, 0, '1', 1, 0, 1, 0, '2020-03', '16', NULL, '04:36 AM', 1),
(769, 171, 5, 0, '1', 1, 0, 1, 0, '2020-03', '16', NULL, '04:36 AM', 1),
(770, 171, 6, 0, '1', 1, 0, 1, 0, '2020-03', '16', NULL, '04:36 AM', 1),
(771, 172, 1, 0, '2', 2, 0, 1, 0, '2020-03', '16', NULL, '04:37 AM', 1),
(772, 172, 2, 0, '2', 2, 0, 1, 0, '2020-03', '16', NULL, '04:37 AM', 1),
(773, 172, 3, 0, '2', 2, 0, 1, 0, '2020-03', '16', NULL, '04:37 AM', 1),
(774, 172, 4, 0, '2', 2, 0, 1, 0, '2020-03', '16', NULL, '04:37 AM', 1),
(775, 172, 5, 0, '2', 2, 0, 1, 0, '2020-03', '16', NULL, '04:37 AM', 1),
(776, 172, 6, 0, '2', 2, 0, 1, 0, '2020-03', '16', NULL, '04:37 AM', 1),
(777, 173, 1, 0, '2', 2, 0, 1, 0, '2020-03', '16', NULL, '04:37 AM', 1),
(778, 173, 2, 0, '2', 2, 0, 1, 0, '2020-03', '16', NULL, '04:37 AM', 1),
(779, 173, 3, 0, '2', 2, 0, 1, 0, '2020-03', '16', NULL, '04:37 AM', 1),
(780, 173, 4, 0, '2', 2, 0, 1, 0, '2020-03', '16', NULL, '04:37 AM', 1),
(781, 173, 5, 0, '2', 2, 0, 1, 0, '2020-03', '16', NULL, '04:37 AM', 1),
(782, 173, 6, 0, '2', 2, 0, 1, 0, '2020-03', '16', NULL, '04:37 AM', 1),
(783, 174, 1, 0, '1', 1, 0, 1, 0, '2020-03', '16', NULL, '04:38 AM', 1),
(784, 174, 2, 0, '1', 1, 0, 1, 0, '2020-03', '16', NULL, '04:38 AM', 1),
(785, 174, 3, 0, '1', 1, 0, 1, 0, '2020-03', '16', NULL, '04:38 AM', 1),
(786, 174, 4, 0, '1', 1, 0, 1, 0, '2020-03', '16', NULL, '04:38 AM', 1),
(787, 174, 5, 0, '1', 1, 0, 1, 0, '2020-03', '16', NULL, '04:38 AM', 1),
(788, 174, 6, 0, '1', 1, 0, 1, 0, '2020-03', '16', NULL, '04:38 AM', 1),
(789, 175, 1, 0, '2', 2, 0, 1, 0, '2020-03', '16', NULL, '04:38 AM', 1),
(790, 175, 2, 0, '2', 2, 0, 1, 0, '2020-03', '16', NULL, '04:38 AM', 1),
(791, 175, 3, 0, '2', 2, 0, 1, 0, '2020-03', '16', NULL, '04:38 AM', 1),
(792, 175, 4, 0, '2', 2, 0, 1, 0, '2020-03', '16', NULL, '04:38 AM', 1),
(793, 175, 5, 0, '2', 2, 0, 1, 0, '2020-03', '16', NULL, '04:38 AM', 1),
(794, 175, 6, 0, '2', 2, 0, 1, 0, '2020-03', '16', NULL, '04:38 AM', 1),
(795, 176, 1, 0, '1', 1, 0, 1, 0, '2020-03', '16', NULL, '04:38 AM', 1),
(796, 176, 2, 0, '1', 1, 0, 1, 0, '2020-03', '16', NULL, '04:38 AM', 1),
(797, 176, 3, 0, '1', 1, 0, 1, 0, '2020-03', '16', NULL, '04:38 AM', 1),
(798, 176, 4, 0, '1', 1, 0, 1, 0, '2020-03', '16', NULL, '04:38 AM', 1),
(799, 176, 5, 0, '1', 1, 0, 1, 0, '2020-03', '16', NULL, '04:38 AM', 1),
(800, 176, 6, 0, '1', 1, 0, 1, 0, '2020-03', '16', NULL, '04:38 AM', 1),
(801, 177, 1, 0, '1', 1, 0, 1, 0, '2020-03', '16', NULL, '04:39 AM', 1),
(802, 177, 2, 0, '1', 1, 0, 1, 0, '2020-03', '16', NULL, '04:39 AM', 1),
(803, 177, 3, 0, '1', 1, 0, 1, 0, '2020-03', '16', NULL, '04:39 AM', 1),
(804, 177, 4, 0, '1', 1, 0, 1, 0, '2020-03', '16', NULL, '04:39 AM', 1),
(805, 177, 5, 0, '1', 1, 0, 1, 0, '2020-03', '16', NULL, '04:39 AM', 1),
(806, 177, 6, 0, '1', 1, 0, 1, 0, '2020-03', '16', NULL, '04:39 AM', 1),
(807, 178, 1, 0, '1', 1, 0, 1, 0, '2020-03', '16', NULL, '04:39 AM', 1),
(808, 178, 2, 0, '1', 1, 0, 1, 0, '2020-03', '16', NULL, '04:39 AM', 1),
(809, 178, 3, 0, '1', 1, 0, 1, 0, '2020-03', '16', NULL, '04:39 AM', 1),
(810, 178, 5, 0, '1', 1, 0, 1, 0, '2020-03', '16', NULL, '04:39 AM', 1),
(811, 178, 4, 0, '1', 1, 0, 1, 0, '2020-03', '16', NULL, '04:39 AM', 1),
(812, 178, 6, 0, '1', 1, 0, 1, 0, '2020-03', '16', NULL, '04:39 AM', 1),
(813, 179, 1, 0, '1', 1, 0, 1, 0, '2020-03', '16', NULL, '04:39 AM', 1),
(814, 179, 2, 0, '1', 1, 0, 1, 0, '2020-03', '16', NULL, '04:39 AM', 1),
(815, 179, 4, 0, '1', 1, 0, 1, 0, '2020-03', '16', NULL, '04:39 AM', 1),
(816, 179, 3, 0, '1', 1, 0, 1, 0, '2020-03', '16', NULL, '04:39 AM', 1),
(817, 179, 5, 0, '1', 1, 0, 1, 0, '2020-03', '16', NULL, '04:39 AM', 1),
(818, 179, 6, 0, '1', 1, 0, 1, 0, '2020-03', '16', NULL, '04:39 AM', 1),
(819, 180, 1, 0, '1', 1, 0, 1, 0, '2020-03', '16', NULL, '04:40 AM', 1),
(820, 180, 2, 0, '1', 1, 0, 1, 0, '2020-03', '16', NULL, '04:40 AM', 1),
(821, 180, 3, 0, '1', 1, 0, 1, 0, '2020-03', '16', NULL, '04:40 AM', 1),
(822, 180, 4, 0, '1', 1, 0, 1, 0, '2020-03', '16', NULL, '04:40 AM', 1),
(823, 180, 5, 0, '1', 1, 0, 1, 0, '2020-03', '16', NULL, '04:40 AM', 1),
(824, 180, 6, 0, '1', 1, 0, 1, 0, '2020-03', '16', NULL, '04:40 AM', 1),
(825, 78, 3, 1, '1', 1, 0, 7, 0, '2020-03', '16', 1, '01:06 PM', 0);

-- --------------------------------------------------------

--
-- Table structure for table `assets_remarks`
--

CREATE TABLE `assets_remarks` (
  `remarks_id` int(11) NOT NULL,
  `assetchecklist_id` int(11) NOT NULL,
  `department` int(11) NOT NULL,
  `branch_id` int(11) NOT NULL,
  `checked_date` varchar(255) NOT NULL,
  `month_week` varchar(255) NOT NULL,
  `time` varchar(255) NOT NULL,
  `remarks` varchar(255) NOT NULL,
  `checked_by` int(11) NOT NULL
) ENGINE=InnoDB DEFAULT CHARSET=latin1;

-- --------------------------------------------------------

--
-- Table structure for table `branches`
--

CREATE TABLE `branches` (
  `branch_id` int(11) NOT NULL,
  `branch_name` varchar(255) NOT NULL
) ENGINE=InnoDB DEFAULT CHARSET=latin1;

--
-- Dumping data for table `branches`
--

INSERT INTO `branches` (`branch_id`, `branch_name`) VALUES
(1, 'GMALL Bajada'),
(2, 'GMALL Toril'),
(3, 'GMALL Tagum'),
(4, 'Pasalubong Center'),
(5, 'Airport'),
(6, 'Hospital SPMC');

-- --------------------------------------------------------

--
-- Table structure for table `csl_bad_orders`
--

CREATE TABLE `csl_bad_orders` (
  `inventory_id` bigint(20) NOT NULL,
  `location_id` int(11) NOT NULL,
  `product_id` int(11) NOT NULL,
  `cost` varchar(10) NOT NULL,
  `sp` varchar(10) NOT NULL,
  `variance` int(11) NOT NULL,
  `variance_amount` int(11) NOT NULL,
  `bad_order` int(11) NOT NULL,
  `bad_order_amount` int(11) NOT NULL,
  `remarks` varchar(250) NOT NULL,
  `date_recorded` timestamp NOT NULL DEFAULT CURRENT_TIMESTAMP
) ENGINE=InnoDB DEFAULT CHARSET=latin1;

-- --------------------------------------------------------

--
-- Table structure for table `csl_daily_inv`
--

CREATE TABLE `csl_daily_inv` (
  `inventory_id` bigint(20) NOT NULL,
  `location_id` int(11) NOT NULL,
  `product_id` int(11) NOT NULL,
  `cost` varchar(10) NOT NULL,
  `sp` varchar(10) NOT NULL,
  `beginning_inv` int(11) DEFAULT NULL,
  `commisary_delivery` int(11) DEFAULT NULL,
  `actual_produced` int(11) DEFAULT NULL,
  `ending_inventory` int(11) DEFAULT NULL,
  `tgas` varchar(6) DEFAULT NULL,
  `pos` int(11) DEFAULT NULL,
  `must_be_end` int(11) DEFAULT NULL,
  `date_recorded` varchar(250) NOT NULL
) ENGINE=InnoDB DEFAULT CHARSET=latin1;

--
-- Dumping data for table `csl_daily_inv`
--

INSERT INTO `csl_daily_inv` (`inventory_id`, `location_id`, `product_id`, `cost`, `sp`, `beginning_inv`, `commisary_delivery`, `actual_produced`, `ending_inventory`, `tgas`, `pos`, `must_be_end`, `date_recorded`) VALUES
(1, 1, 1, '1', '1', 1, 1, 1, 1, '1', 1, 1, '2020-01-31 11:16:37'),
(2, 1, 1, '1', '', NULL, NULL, NULL, NULL, NULL, NULL, NULL, '2020-01-31 11:19:40'),
(12, 1, 1, '', '', 12, 1, 21, NULL, NULL, NULL, NULL, '2020-01-31 11:27:54'),
(123, 1, 1, '', '', 1, NULL, NULL, NULL, NULL, NULL, NULL, '1988'),
(124, 1, 1, '1', '12', NULL, NULL, NULL, NULL, NULL, NULL, NULL, ''),
(125, 1, 1, '1', '123', NULL, NULL, NULL, NULL, NULL, NULL, NULL, ''),
(126, 1, 2, '1', '', NULL, NULL, NULL, NULL, NULL, NULL, NULL, '1988'),
(127, 1, 2, '12', '', NULL, NULL, NULL, NULL, NULL, NULL, NULL, '1988'),
(128, 1, 1, '', '1', NULL, NULL, NULL, NULL, NULL, NULL, NULL, '1988'),
(129, 1, 2, '1', '', NULL, NULL, NULL, NULL, NULL, NULL, NULL, '1988');

-- --------------------------------------------------------

--
-- Table structure for table `csl_daily_inv_deductions`
--

CREATE TABLE `csl_daily_inv_deductions` (
  `inventory_id` int(11) NOT NULL,
  `product_id` int(11) NOT NULL,
  `snacks` int(11) NOT NULL,
  `gmall_delivery` int(11) NOT NULL,
  `vale` int(11) NOT NULL,
  `kitchen_used` int(11) NOT NULL,
  `crm` int(11) NOT NULL,
  `billing_invoice` int(11) NOT NULL,
  `date_recorded` timestamp NOT NULL DEFAULT CURRENT_TIMESTAMP
) ENGINE=InnoDB DEFAULT CHARSET=latin1;

-- --------------------------------------------------------

--
-- Table structure for table `facilities_checklist`
--

CREATE TABLE `facilities_checklist` (
  `facility_id` int(11) NOT NULL,
  `category` int(11) NOT NULL COMMENT '1-Store Operation Opening 2-Store Operation Closing 3-Closing Main Facility',
  `facility_information` varchar(255) NOT NULL,
  `assigned_branch` varchar(25) NOT NULL COMMENT '1=GMALL Bajada, 2=GMALL Toril, 3=GMALL Tagum, 4=Pasalubong Center, 5=Airport, 6=Hospital SPMC',
  `added_by` int(11) NOT NULL COMMENT '1-Admin 2-Manager',
  `status` int(11) NOT NULL COMMENT '1-Active 2-Deleted'
) ENGINE=InnoDB DEFAULT CHARSET=latin1;

--
-- Dumping data for table `facilities_checklist`
--

INSERT INTO `facilities_checklist` (`facility_id`, `category`, `facility_information`, `assigned_branch`, `added_by`, `status`) VALUES
(47, 1, 'All Lights are turn on and no busted lights?', '1,2,5,3,4,6', 1, 1),
(48, 3, 'GAS LINES (OFF)', '1,2,5,3,4,6', 1, 1),
(49, 2, 'All the lights are TURN OFF?', '1,2,5,3,4,6', 1, 1),
(50, 3, 'SAFETY VAULT', '1,2,5,3,4,6', 1, 1),
(51, 1, 'Café Fence Lampshades are turn on with no busted lights?', '1,2,5,3,4,6', 1, 1),
(52, 1, 'Are all the signages are turn on?', '1,2,5,3,4,6', 1, 1),
(53, 1, 'TV Units are turn on?', '1,2,5,3,4,6', 1, 1),
(54, 1, 'Cafe Floor Floor is clean & Hygienic? No bubble Gums on the floor?', '1,2,5,3,4,6', 1, 1),
(55, 1, 'Café Dining Tables are clean & hygienic?', '1,2,5,3,4,6', 1, 1),
(56, 1, 'Café Dining Tables are balance: has table balancer?', '1,2,5,3,4,6', 1, 1),
(57, 1, 'Café Chairs are well arrange? No defective chairs?', '1,2,5,3,4,6', 1, 1),
(58, 1, 'Café couch are wipe & clean?', '1,2,5,3,4,6', 1, 1),
(59, 1, 'Café Bar is organize and clean?', '1,2,5,3,4,6', 1, 1),
(60, 1, 'Café Bar is organize and clean?', '1,2,5,3,4,6', 1, 1),
(61, 1, 'All the Garbage bins have garbage bags: Café, Selling Area, Kitchen & Prooduction?', '1,2,5,3,4,6', 1, 1),
(62, 1, 'Café Wash area has Tissue & Liquid Soap?', '1,2,5,3,4,6', 1, 1),
(63, 1, 'Café wash area clean & Hygienic?', '1,2,5,3,4,6', 1, 1),
(64, 1, 'Café wall loavers are Free from Dust?', '1,2,5,3,4,6', 1, 1),
(65, 1, 'Mirrors are wipe & clean?', '1,2,5,3,4,6', 1, 1),
(66, 1, 'Newspapers are available?', '1,2,5,3,4,6', 1, 1),
(67, 1, 'Do the Coffee Machine have enough Water supply?', '1,2,5,3,4,6', 1, 1),
(68, 1, 'Cake Chiller has complete display & price tags', '1,2,5,3,4,6', 1, 1),
(69, 1, 'Cake Chiller & Cake Dummies glass are clean?', '1,2,5,3,4,6', 1, 1),
(70, 1, 'Selling Floor Floor is clean & Hygienic? No bubble Gums on the floor?', '1,2,5,3,4,6', 1, 1),
(71, 1, 'Selling Area: Availability of clean trays, placemat & tongs?', '1,2,5,3,4,6', 1, 1),
(72, 1, 'Selling Area: Toasted Siopao Table clean & free from Dust?', '1,2,5,3,4,6', 1, 1),
(73, 1, 'Cashier Counters has enough sizes of Supots & Cellophanes?', '1,2,5,3,4,6', 1, 1),
(74, 1, 'POS Units are clean & functioning well?', '1,2,5,3,4,6', 1, 1),
(75, 1, 'Are all the Optima Trays & Baskets has displays? ', '1,2,5,3,4,6', 1, 1),
(76, 1, 'Bakery displays are quality?', '1,2,5,3,4,6', 1, 1),
(77, 1, 'Hotbread Area has Incharge, display has complete pricetags & Hotbread Sign?', '1,2,5,3,4,6', 1, 1),
(78, 1, 'Hotbread rack has not used & empty Plansta?', '1,2,5,3,4,6', 1, 1),
(79, 1, 'Are all Seling Area Displays has complete Pricetags?', '1,2,5,3,4,6', 1, 1),
(80, 1, 'Is the Slicing Area prepare: has Clean Bread Slicer & Chopping Board?', '1,2,5,3,4,6', 1, 1),
(81, 1, 'Are the Drinks Chillers are completely Fill in with pricetags?', '1,2,5,3,4,6', 1, 1),
(82, 1, 'Are the Cabinets & Drawers are clean, organize and hygienic?', '1,2,5,3,4,6', 1, 1),
(83, 1, 'Mops & Brooms are kept away from the front store?', '1,2,5,3,4,6', 1, 1),
(84, 1, 'Are all the rugs kept & not visible in the area?', '1,2,5,3,4,6', 1, 1),
(85, 1, 'Employees have Devotion & 15mins. Dialogue?', '1,2,5,3,4,6', 1, 1),
(86, 2, 'Signages are all TURN OFF?', '1,2,5,3,4,6', 1, 1),
(87, 2, 'TV Sets are TURN OFF and Plug out in the Outlets?', '1,2,5,3,4,6', 1, 1),
(88, 2, 'Café Lamps are TURN OFF?', '1,2,5,3,4,6', 1, 1),
(89, 2, 'All Freezers & Chillers are Plug-in in Outlets?', '1,2,5,3,4,6', 1, 1),
(90, 2, 'POS Units are properly Read: No double Z reading?', '1,2,5,3,4,6', 1, 1),
(91, 2, 'POS are safety TURN OFF, PLUG OUT and Covered?', '1,2,5,3,4,6', 1, 1),
(92, 2, 'Garbages are Properly Kept and Dispose for Mall Pick up?', '1,2,5,3,4,6', 1, 1),
(93, 2, 'Coffee Machine are clean & properly shut down?', '1,2,5,3,4,6', 1, 1),
(94, 2, 'Café spoons, forks,knife are wash, sanitized & Polished?', '1,2,5,3,4,6', 1, 1),
(95, 2, 'Café Utensils are kept and stored in a closed Bins?', '1,2,5,3,4,6', 1, 1),
(96, 2, 'Café Bar door & Window are closed & Padlock?', '1,2,5,3,4,6', 1, 1),
(97, 2, 'Café Roll Ups are Closed and Padlock?', '1,2,5,3,4,6', 1, 1),
(98, 2, 'Café Rugs are washed and Hang to DRY?', '1,2,5,3,4,6', 1, 1),
(99, 2, 'Café Floors are properly Mop & Clean?', '1,2,5,3,4,6', 1, 1),
(100, 2, 'Cage Tables & Chairs are Properly Wipe & Clean?', '1,2,5,3,4,6', 1, 1),
(101, 2, 'Kitchen & Production Gas Line are TURN OFF?', '1,2,5,3,4,6', 1, 1),
(102, 2, 'Kitchen All Exhaust Fan are properly TURN OFF?', '1,2,5,3,4,6', 1, 1),
(103, 2, 'Kitchen: All utensils & Equipments are wash & Safe Keep?', '1,2,5,3,4,6', 1, 1),
(104, 2, 'Kitchen Plates, Bowls etc are Clean & Kept in a Closed Bin?', '1,2,5,3,4,6', 1, 1),
(105, 2, 'Kitchen Microwaves & Toaster arePLUG OUT in the outlets?', '1,2,5,3,4,6', 1, 1),
(106, 2, 'Kitchen: Fruits and Vegetables are Safekeep in Chillers?', '1,2,5,3,4,6', 1, 1),
(107, 2, 'Kitchen Rugs are washed and hang to Dry?', '1,2,5,3,4,6', 1, 1),
(108, 2, 'Kitchen Raw Mats are all Safe Keep?', '1,2,5,3,4,6', 1, 1),
(109, 2, 'Production Raw Mats are All Safe Keep away from Rats?', '1,2,5,3,4,6', 1, 1),
(110, 2, 'Production Working Tables are Clean?', '1,2,5,3,4,6', 1, 1),
(111, 2, 'Production Plansta are Wash, Clean & Dried for the following day?', '1,2,5,3,4,6', 1, 1),
(112, 2, 'Production Wash area clean?', '1,2,5,3,4,6', 1, 1),
(113, 2, 'Mop Squeezers are Clean?', '1,2,5,3,4,6', 1, 1),
(114, 2, 'Production Warehouse door si CLOSED?', '1,2,5,3,4,6', 1, 1),
(115, 2, 'Production Equipments are PLUG OUT?', '1,2,5,3,4,6', 1, 1),
(116, 2, 'Cake Chiller Temperature is low & lights are TURN OFF?', '1,2,5,3,4,6', 1, 1),
(117, 2, 'Cake Chiller Display are Inventory?', '1,2,5,3,4,6', 1, 1),
(118, 2, 'Selling Area remaining products are counted (inventory) and SAFE KEEP?', '1,2,5,3,4,6', 1, 1),
(119, 2, 'Selling Area Optima Display are Clean: Bread Crumbs are removed?', '1,2,5,3,4,6', 1, 1),
(120, 2, 'Selling Area Supot & Packaging are KEEP?', '1,2,5,3,4,6', 1, 1),
(121, 2, 'Selling Area Trays, Tongs & Placemats are wash and hang to Dry?', '1,2,5,3,4,6', 1, 1),
(122, 2, 'Selling Area Drinks Chiller Display are Counted/ Inventory?', '1,2,5,3,4,6', 1, 1),
(123, 2, 'Office Vault are Closed & Counterchecked?', '1,2,5,3,4,6', 1, 1),
(124, 2, 'Office Computers are properly Shut Down?', '1,2,5,3,4,6', 1, 1),
(125, 2, 'Office Working Tables & Floors are properly Mop and Clean?', '1,2,5,3,4,6', 1, 1),
(126, 2, 'Office Door is Closed and Padlock?', '1,2,5,3,4,6', 1, 1),
(127, 2, 'Café & Kitchen Employees have their 15mins Dialogue?', '1,2,5,3,4,6', 1, 1),
(128, 2, 'Employees are gather for Sales Alingment & Closing Prayer?', '1,2,5,3,4,6', 1, 1),
(129, 3, 'EXHAUST FAN (KITCHEN)', '1,2,5,3,4,6', 1, 1),
(130, 3, 'EXHAUST FAN (PRODUCTION)', '1,2,5,3,4,6', 1, 1),
(131, 3, 'CHILLER/ FREEZER PLUG-IN(KITCHEN)', '1,2,5,3,4,6', 1, 1),
(132, 3, 'CHILLER/ FREEZER PLUG-IN (PROD)', '1,2,5,3,4,6', 1, 1),
(133, 3, 'CAFÉ ROLL UP CLOSED', '1,2,5,3,4,6', 1, 1),
(134, 3, 'S.A ROLL UP/ DOOR CLOSED', '1,2,5,3,4,6', 1, 1),
(135, 3, 'OFFICE DOOR/ WINDOW CLOSED', '1,2,5,3,4,6', 1, 1),
(136, 3, 'WAREHOUSE DOOR  CLOSED', '1,2,5,3,4,6', 1, 1),
(137, 3, 'LIGHTS / SIGNAGES/ SPOT LIGHTS OFF', '1,2,5,3,4,6', 1, 1);

-- --------------------------------------------------------

--
-- Table structure for table `facilities_remarks`
--

CREATE TABLE `facilities_remarks` (
  `remarks_id` int(11) NOT NULL,
  `category` int(11) NOT NULL,
  `facilitychecklist_id` int(11) NOT NULL,
  `checklistinfo` varchar(255) NOT NULL,
  `branch_id` int(11) NOT NULL,
  `checked_date` varchar(255) NOT NULL,
  `month_day` varchar(11) NOT NULL,
  `time` varchar(255) NOT NULL,
  `remarks` varchar(255) DEFAULT NULL,
  `checked_by` int(11) NOT NULL,
  `checked_by_name` varchar(255) NOT NULL
) ENGINE=InnoDB DEFAULT CHARSET=latin1;

-- --------------------------------------------------------

--
-- Table structure for table `hygiene_checklist`
--

CREATE TABLE `hygiene_checklist` (
  `hygiene_id` int(11) NOT NULL,
  `category` int(5) NOT NULL COMMENT '1=Front of the House,2=Kitchen&Production, 3=EmployeesHygiene',
  `checklist_name` varchar(255) NOT NULL,
  `assigned_branch` varchar(25) NOT NULL COMMENT '1=GMALL Bajada, 2=GMALL Toril, 3=GMALL Tagum, 4=Pasalubong Center, 5=Airport, 6=Hospital SPMC',
  `added_by` int(5) NOT NULL COMMENT '1-admin,2-manager',
  `status` int(5) NOT NULL COMMENT '1=active,2=deleted'
) ENGINE=InnoDB DEFAULT CHARSET=latin1;

--
-- Dumping data for table `hygiene_checklist`
--

INSERT INTO `hygiene_checklist` (`hygiene_id`, `category`, `checklist_name`, `assigned_branch`, `added_by`, `status`) VALUES
(48, 1, 'Floors are Mop and Clean: from time to time', '1,2,3,4,5,6', 1, 1),
(49, 2, 'Grease Trap are Clean', '1,2,3,4,5,6', 1, 1),
(50, 2, 'Rugs are away for Food Production', '1,2,3,4,5,6', 1, 1),
(51, 3, 'All wear complete uniform and IDs', '1,2,3,4,5,6', 1, 1),
(52, 3, 'All wear Hairnets and Spit Guards', '1,2,3,4,5,6', 1, 1),
(54, 1, 'No Display below knee', '1,2,3,4,5,6', 1, 1),
(55, 1, 'Slicing Area are clean and Organize', '1,2,3,4,5,6', 1, 1),
(56, 1, 'Dining Table are Clean and Sanitized', '1,2,3,4,5,6', 1, 1),
(57, 1, 'No Rugs are visible in the areas', '1,2,3,4,5,6', 1, 1),
(58, 2, 'Mop Squeezer is Clean', '1,2,3,4,5,6', 1, 1),
(59, 2, 'Warehouse are organized and arranged', '1,2,3,4,5,6', 1, 1),
(60, 2, 'Floors are Mop and Clean: from time to time', '1,2,3,4,5,6', 1, 1),
(61, 3, 'Fingernails are Cut and Clean', '1,2,3,4,5,6', 1, 1);

-- --------------------------------------------------------

--
-- Table structure for table `hygiene_remarks`
--

CREATE TABLE `hygiene_remarks` (
  `remarks_id` int(5) NOT NULL,
  `hygienechecklist_id` int(5) NOT NULL,
  `checklistinfo` varchar(255) NOT NULL,
  `branch_id` int(11) NOT NULL,
  `hygiene_category` int(5) NOT NULL,
  `checked_date` varchar(255) NOT NULL,
  `month_day` varchar(11) NOT NULL,
  `time` varchar(255) NOT NULL,
  `remarks` varchar(255) DEFAULT NULL,
  `checked_by` int(5) NOT NULL,
  `checked_by_name` varchar(255) NOT NULL
) ENGINE=InnoDB DEFAULT CHARSET=latin1;

-- --------------------------------------------------------

--
-- Table structure for table `newspapers`
--

CREATE TABLE `newspapers` (
  `newspaper_id` int(5) NOT NULL,
  `newspaper` varchar(255) NOT NULL,
  `status` int(5) NOT NULL COMMENT '1=enabled, 2=disabled'
) ENGINE=InnoDB DEFAULT CHARSET=latin1;

--
-- Dumping data for table `newspapers`
--

INSERT INTO `newspapers` (`newspaper_id`, `newspaper`, `status`) VALUES
(1, 'Sunstar', 1),
(2, 'PHIL.STAR', 1);

-- --------------------------------------------------------

--
-- Table structure for table `newspaper_checklist`
--

CREATE TABLE `newspaper_checklist` (
  `newspaperchecklist_id` int(5) NOT NULL,
  `date_received` varchar(255) NOT NULL,
  `branch_id` int(11) NOT NULL,
  `newspaper` int(5) NOT NULL COMMENT '1=sunstar,2=philstar,3=all',
  `time_received` varchar(255) NOT NULL,
  `received_by` int(5) NOT NULL,
  `counterchecked_by` int(5) DEFAULT NULL
) ENGINE=InnoDB DEFAULT CHARSET=latin1;

-- --------------------------------------------------------

--
-- Table structure for table `tools_checklist`
--

CREATE TABLE `tools_checklist` (
  `tools_id` int(5) NOT NULL,
  `tools_information` varchar(255) NOT NULL,
  `main_tool` varchar(250) NOT NULL,
  `incharge_name` varchar(255) NOT NULL,
  `assigned_branch` varchar(50) NOT NULL,
  `added_by` int(5) NOT NULL,
  `status` int(5) NOT NULL
) ENGINE=InnoDB DEFAULT CHARSET=latin1;

--
-- Dumping data for table `tools_checklist`
--

INSERT INTO `tools_checklist` (`tools_id`, `tools_information`, `main_tool`, `incharge_name`, `assigned_branch`, `added_by`, `status`) VALUES
(1, 'Dough Cutter (Orange)', 'Hard', 'Valles', '1,2,3,4,5,6', 1, 1),
(2, 'Slicer', 'Cake', 'Andripa', '1,2,3,4,5,6', 1, 1),
(4, 'Spatula (2 SMLL & 2 BIG)', 'Cake', 'Andripa', '1,2,3,4,5,6', 1, 1),
(7, 'Knife', 'Hard', 'Valles', '1,2,3,4,5,6', 1, 1),
(8, 'Rubber Scraper', 'Cake', 'Andripa', '1,2,3,4,5,6', 1, 1),
(9, 'Knife', 'Sweetdough', 'Pameroyan', '1,2,3,4,5,6', 1, 1),
(10, 'Blade', 'Sweetdough', 'Pameroyan', '1,2,3,4,5,6', 1, 1),
(11, 'Scissors (Pink)', 'Cake', 'Andripa', '1,2,3,4,5,6', 1, 1),
(12, 'Dough Cutter Big (White)', 'Pilipit', 'Cordova', '1,2,3,4,5,6', 1, 1),
(15, 'Dough Cutter (Blue)', 'Sweetdough', 'Pameroyan', '1,2,3,4,5,6', 1, 1),
(16, 'Can Opener', 'Sweetdough', 'Pameroyan', '1,2,3,4,5,6', 1, 1),
(17, 'Scissors', 'Sweetdough', 'Pameroyan', '1,2,3,4,5,6', 1, 1),
(18, 'Knife', 'European', 'Doña', '1,2,3,4,5,6', 1, 1),
(19, 'Dough Cutter (White)', 'European', 'Doña', '1,2,3,4,5,6', 1, 1),
(20, 'Spatula ( Black)', 'European', 'Doña', '1,2,3,4,5,6', 1, 1),
(21, 'Scissors (Black)', 'European', 'Doña', '1,2,3,4,5,6', 1, 1),
(22, 'Measuring Cup', 'European', 'Doña', '1,2,3,4,5,6', 1, 1),
(23, 'Rubber Scraper', 'European', 'Doña', '1,2,3,4,5,6', 1, 1),
(24, 'Knife', 'Pilipit', 'Cordova', '1,2,3,4,5,6', 1, 1),
(25, 'Slicer', '-', 'Oven Man', '1,2,3,4,5,6', 1, 1),
(26, 'Blade', '-', 'Oven Man', '1,2,3,4,5,6', 1, 1),
(27, 'Rubber Scraper', '-', 'Oven Man', '1,2,3,4,5,6', 1, 1);

-- --------------------------------------------------------

--
-- Table structure for table `tools_remarks`
--

CREATE TABLE `tools_remarks` (
  `remarks_id` int(5) NOT NULL,
  `tools_id` int(5) NOT NULL,
  `tools_information` varchar(255) NOT NULL,
  `branch_id` int(11) NOT NULL,
  `checked_date` varchar(255) NOT NULL,
  `month_day` varchar(11) NOT NULL,
  `time` varchar(255) NOT NULL,
  `remarks` varchar(255) NOT NULL,
  `checked_by` int(11) NOT NULL,
  `checked_by_name` varchar(255) NOT NULL
) ENGINE=InnoDB DEFAULT CHARSET=latin1;

-- --------------------------------------------------------

--
-- Table structure for table `users`
--

CREATE TABLE `users` (
  `userid` int(11) NOT NULL,
  `username` varchar(150) NOT NULL,
  `password` varchar(500) NOT NULL,
  `pass_decrypt` varchar(50) NOT NULL,
  `name` varchar(300) NOT NULL,
  `usertype` int(11) NOT NULL COMMENT '1-manager, 2-CAO, 3-Outlet Admin, 4-Outlet TL',
  `assigned_branch` varchar(25) NOT NULL COMMENT '1=GMALL Bajada, 2=GMALL Toril, 3=GMALL Tagum, 4=Pasalubong Center, 5=Airport, 6=Hospital SPMC',
  `userstatus` int(11) NOT NULL DEFAULT '1' COMMENT '1-active, 0-inactive',
  `dateadded` datetime NOT NULL DEFAULT CURRENT_TIMESTAMP,
  `datelastupdated` timestamp NOT NULL DEFAULT CURRENT_TIMESTAMP ON UPDATE CURRENT_TIMESTAMP
) ENGINE=InnoDB DEFAULT CHARSET=latin1;

--
-- Dumping data for table `users`
--

INSERT INTO `users` (`userid`, `username`, `password`, `pass_decrypt`, `name`, `usertype`, `assigned_branch`, `userstatus`, `dateadded`, `datelastupdated`) VALUES
(1, 'admin', '48750284df861abc8c66e582e7b50b35e32a44dd', 'proweaver', 'Administrator', 1, '1,2,3,4,5,6', 1, '2019-12-10 17:23:54', '2020-03-11 02:38:09'),
(2, 'teamleader', '48750284df861abc8c66e582e7b50b35e32a44dd', 'proweaver', 'Proweaver W. Prob', 3, '1,2,3,4,5,6', 1, '2019-12-10 19:23:47', '2020-02-20 11:01:33'),
(4, 'outletadmin', '48750284df861abc8c66e582e7b50b35e32a44dd', 'proweaver', 'Christianly T. Manager', 2, '1,2,3,4,5,6', 1, '2019-12-11 14:56:34', '2020-03-16 05:55:34');

-- --------------------------------------------------------

--
-- Table structure for table `users_meta`
--

CREATE TABLE `users_meta` (
  `id` int(11) NOT NULL,
  `fk_userid` int(11) NOT NULL,
  `fname` varchar(150) NOT NULL,
  `mname` varchar(150) NOT NULL,
  `lname` varchar(150) NOT NULL,
  `address` varchar(500) NOT NULL,
  `contact` varchar(50) NOT NULL,
  `date_updated` timestamp NOT NULL DEFAULT CURRENT_TIMESTAMP ON UPDATE CURRENT_TIMESTAMP
) ENGINE=InnoDB DEFAULT CHARSET=latin1;

--
-- Dumping data for table `users_meta`
--

INSERT INTO `users_meta` (`id`, `fk_userid`, `fname`, `mname`, `lname`, `address`, `contact`, `date_updated`) VALUES
(1, 2, 'Proweaver', 'Web', 'Prob', 'cebu business park', '123456516565651678', '2019-12-12 12:29:47'),
(3, 4, 'Christianly', 'Test', 'Manager', 'test', '121212', '2019-12-12 12:28:16'),
(4, 5, 'sds', 'dsdsd', 'sds', 'sdsd', '321312', '2020-01-06 08:58:46'),
(5, 6, 'Jane', 'M', 'Doe', 'Davao', '1234567890', '2020-01-08 02:22:22'),
(6, 7, 'Proweaver', 'Web2', 'Test', 'Test only', '09123456789', '2020-01-08 02:55:39'),
(7, 8, 'Proweaver', 'Web2', 'Test', 'Test only', '09123456789', '2020-01-08 02:55:57'),
(8, 9, 'John', 'M.', 'Doe', 'davao', '123', '2020-01-08 05:10:31'),
(9, 10, 'John', 'M.', 'Doe', 'davao', '123', '2020-01-08 05:10:35'),
(10, 11, 'John', 'M.', 'Doe', 'davao', '123', '2020-01-08 05:10:57'),
(11, 12, 'arianne', 'a', 'nadonza', 'cebu', '123', '2020-01-08 05:12:28'),
(12, 13, 'Lorraine', 'G.', 'Lopez', 'Cebu', '12345690', '2020-01-08 05:25:05'),
(13, 14, 'Petey', 'W.', 'Cruiser', '162 Little Embers Court, 3178 Quiet Trail', '4145883185', '2020-01-24 05:27:25'),
(14, 15, 'Firstname', 'C.', 'Lastname', 'Address', '09876543211', '2020-01-24 07:38:48');

-- --------------------------------------------------------

--
-- Table structure for table `user_tabs`
--

CREATE TABLE `user_tabs` (
  `tabid` int(11) NOT NULL,
  `parent_tabid` int(11) NOT NULL,
  `sub_tabid` int(11) NOT NULL,
  `tab_link` varchar(150) NOT NULL,
  `tab_name` varchar(150) NOT NULL,
  `icon` varchar(100) NOT NULL,
  `allowed_user` varchar(500) NOT NULL
) ENGINE=InnoDB DEFAULT CHARSET=latin1;

--
-- Dumping data for table `user_tabs`
--

INSERT INTO `user_tabs` (`tabid`, `parent_tabid`, `sub_tabid`, `tab_link`, `tab_name`, `icon`, `allowed_user`) VALUES
(1, 0, 0, 'home', 'Dashboard', 'fa fa-home', '1,2,3'),
(2, 0, 0, 'manageemployee', 'Manage Employee', 'fa fa-user', '1'),
(3, 0, 0, '', 'Operations Monitoring', 'fa fa-list', '1,2,3'),
(4, 0, 0, 'productmanagement', 'CSL Products Management', 'fa fa-cube', '0'),
(5, 3, 0, '', 'Facility Daily Checklist', 'fa fa-clipboard-list', '1,2,3'),
(6, 3, 0, '', 'Hygiene Checklist', 'fa fa-toilet-paper', '1,2,3'),
(7, 3, 0, 'managenewspaper', 'Newspaper Monitoring', 'fa fa-clipboard-list', '1,2,3'),
(8, 3, 0, 'manageassets', 'Assets Weekly Checking', 'fa fa-clipboard-list', '1,2,3'),
(9, 3, 0, 'managetools', 'Tools Material Checklist', 'fa fa-toolbox', '1,2,3'),
(10, 3, 5, 'managefacilities', 'Manage Facilities', 'fa fa-toolbox', '1'),
(11, 3, 5, 'managefacilities/storeopeningchecklist', 'Operation Opening Checklist', 'fa fa-tasks', '1,2,3'),
(12, 3, 5, 'managefacilities/storeclosingchecklist', 'Operation Closing Checklist', 'fa fa-tasks', '1,2,3'),
(13, 3, 5, 'managefacilities/closingmainchecklist', 'Closing Main Checklist', 'fa fa-tasks', '1,2,3'),
(14, 3, 6, 'managehygiene', 'Manage Hygiene List', 'fa fa-toolbox', '1'),
(15, 3, 6, 'managehygiene/fronthousechecklist', 'Front House Checklist', 'fa fa-tasks', '1,2,3'),
(16, 3, 6, 'managehygiene/kitchenandproductionchecklist', 'Kitchen & Production Checklist', 'fa fa-tasks', '1,2,3'),
(17, 3, 6, 'managehygiene/employeehygienechecklist', 'Employee Hygiene Checklist', 'fa fa-tasks', '1,2,3');

--
-- Indexes for dumped tables
--

--
-- Indexes for table `assets_checklist`
--
ALTER TABLE `assets_checklist`
  ADD PRIMARY KEY (`asset_id`);

--
-- Indexes for table `assets_logs`
--
ALTER TABLE `assets_logs`
  ADD PRIMARY KEY (`log_id`);

--
-- Indexes for table `assets_remarks`
--
ALTER TABLE `assets_remarks`
  ADD PRIMARY KEY (`remarks_id`);

--
-- Indexes for table `branches`
--
ALTER TABLE `branches`
  ADD PRIMARY KEY (`branch_id`);

--
-- Indexes for table `csl_daily_inv`
--
ALTER TABLE `csl_daily_inv`
  ADD PRIMARY KEY (`inventory_id`);

--
-- Indexes for table `facilities_checklist`
--
ALTER TABLE `facilities_checklist`
  ADD PRIMARY KEY (`facility_id`);

--
-- Indexes for table `facilities_remarks`
--
ALTER TABLE `facilities_remarks`
  ADD PRIMARY KEY (`remarks_id`);

--
-- Indexes for table `hygiene_checklist`
--
ALTER TABLE `hygiene_checklist`
  ADD PRIMARY KEY (`hygiene_id`);

--
-- Indexes for table `hygiene_remarks`
--
ALTER TABLE `hygiene_remarks`
  ADD PRIMARY KEY (`remarks_id`);

--
-- Indexes for table `newspapers`
--
ALTER TABLE `newspapers`
  ADD PRIMARY KEY (`newspaper_id`);

--
-- Indexes for table `newspaper_checklist`
--
ALTER TABLE `newspaper_checklist`
  ADD PRIMARY KEY (`newspaperchecklist_id`);

--
-- Indexes for table `tools_checklist`
--
ALTER TABLE `tools_checklist`
  ADD PRIMARY KEY (`tools_id`);

--
-- Indexes for table `tools_remarks`
--
ALTER TABLE `tools_remarks`
  ADD PRIMARY KEY (`remarks_id`);

--
-- Indexes for table `users`
--
ALTER TABLE `users`
  ADD PRIMARY KEY (`userid`);

--
-- Indexes for table `users_meta`
--
ALTER TABLE `users_meta`
  ADD PRIMARY KEY (`id`),
  ADD UNIQUE KEY `fk_userid` (`fk_userid`);

--
-- Indexes for table `user_tabs`
--
ALTER TABLE `user_tabs`
  ADD PRIMARY KEY (`tabid`);

--
-- AUTO_INCREMENT for dumped tables
--

--
-- AUTO_INCREMENT for table `assets_checklist`
--
ALTER TABLE `assets_checklist`
  MODIFY `asset_id` int(11) NOT NULL AUTO_INCREMENT, AUTO_INCREMENT=181;

--
-- AUTO_INCREMENT for table `assets_logs`
--
ALTER TABLE `assets_logs`
  MODIFY `log_id` int(11) NOT NULL AUTO_INCREMENT, AUTO_INCREMENT=826;

--
-- AUTO_INCREMENT for table `assets_remarks`
--
ALTER TABLE `assets_remarks`
  MODIFY `remarks_id` int(11) NOT NULL AUTO_INCREMENT;

--
-- AUTO_INCREMENT for table `branches`
--
ALTER TABLE `branches`
  MODIFY `branch_id` int(11) NOT NULL AUTO_INCREMENT, AUTO_INCREMENT=7;

--
-- AUTO_INCREMENT for table `csl_daily_inv`
--
ALTER TABLE `csl_daily_inv`
  MODIFY `inventory_id` bigint(20) NOT NULL AUTO_INCREMENT, AUTO_INCREMENT=130;

--
-- AUTO_INCREMENT for table `facilities_checklist`
--
ALTER TABLE `facilities_checklist`
  MODIFY `facility_id` int(11) NOT NULL AUTO_INCREMENT, AUTO_INCREMENT=138;

--
-- AUTO_INCREMENT for table `facilities_remarks`
--
ALTER TABLE `facilities_remarks`
  MODIFY `remarks_id` int(11) NOT NULL AUTO_INCREMENT;

--
-- AUTO_INCREMENT for table `hygiene_checklist`
--
ALTER TABLE `hygiene_checklist`
  MODIFY `hygiene_id` int(11) NOT NULL AUTO_INCREMENT, AUTO_INCREMENT=62;

--
-- AUTO_INCREMENT for table `hygiene_remarks`
--
ALTER TABLE `hygiene_remarks`
  MODIFY `remarks_id` int(5) NOT NULL AUTO_INCREMENT;

--
-- AUTO_INCREMENT for table `newspapers`
--
ALTER TABLE `newspapers`
  MODIFY `newspaper_id` int(5) NOT NULL AUTO_INCREMENT, AUTO_INCREMENT=3;

--
-- AUTO_INCREMENT for table `newspaper_checklist`
--
ALTER TABLE `newspaper_checklist`
  MODIFY `newspaperchecklist_id` int(5) NOT NULL AUTO_INCREMENT;

--
-- AUTO_INCREMENT for table `tools_checklist`
--
ALTER TABLE `tools_checklist`
  MODIFY `tools_id` int(5) NOT NULL AUTO_INCREMENT, AUTO_INCREMENT=28;

--
-- AUTO_INCREMENT for table `tools_remarks`
--
ALTER TABLE `tools_remarks`
  MODIFY `remarks_id` int(5) NOT NULL AUTO_INCREMENT;

--
-- AUTO_INCREMENT for table `users`
--
ALTER TABLE `users`
  MODIFY `userid` int(11) NOT NULL AUTO_INCREMENT, AUTO_INCREMENT=5;

--
-- AUTO_INCREMENT for table `users_meta`
--
ALTER TABLE `users_meta`
  MODIFY `id` int(11) NOT NULL AUTO_INCREMENT, AUTO_INCREMENT=15;

--
-- AUTO_INCREMENT for table `user_tabs`
--
ALTER TABLE `user_tabs`
  MODIFY `tabid` int(11) NOT NULL AUTO_INCREMENT, AUTO_INCREMENT=18;
COMMIT;

/*!40101 SET CHARACTER_SET_CLIENT=@OLD_CHARACTER_SET_CLIENT */;
/*!40101 SET CHARACTER_SET_RESULTS=@OLD_CHARACTER_SET_RESULTS */;
/*!40101 SET COLLATION_CONNECTION=@OLD_COLLATION_CONNECTION */;
